title,link,description,bloggername,bloggerlink,postdate
하나카드 추천 신용카드 설계사 발급 캐시백 이벤트 후기,https://blog.naver.com/ok7106/223795214391,하나카드 추천 신용카드 설계사 발급 캐시백 이벤트 후기 안녕하세요 오늘은 많은 분들이 궁금해... 하며 하나 신용카드 추천 받으면서 신규로 가입 하시는 경우 특별한 혜택 까지도 받으실수 있는 방법에... ,ok7106님의 블로그,blog.naver.com/ok7106,20250313
하나카드 추천 제이드 클래식 설계사 발급 캐시백 이벤트,https://blog.naver.com/polosport85/223772300696,"이것 하나 밖에 없습니다 그리고 매달 납부 하는 업종에 대해서돟 총 50% 할인 받을수가 있어요 우리가 가장 좋아하는 하나카드 제이드 클래식 기프트 바우처는 총 네가지 호텔다이닝, 신세계상품권, sk모바일권... ",츄츄,blog.naver.com/polosport85,20250224
하나카드 추천 신용카드 발급 설계사 캐시백 총 정리,https://blog.naver.com/kcah/223676409612,하나카드 추천 신용카드 발급 설계사 캐시백 총 정리 안녕하세요 오늘은 인기 최고의 1위 부터 3위 까지... 있어 하나 신용카드 일반형 에서는 큰 인기를 누리며 누구나 공감 하실만한 혜택 인데요 쿠팡쇼핑... ,길라잡이 kcah님의 블로그,blog.naver.com/kcah,20241128
하나카드 원큐 1q 추천 정리 연회비 캐시백 지원 후기,https://blog.naver.com/wackydal/223812030682,하나카드 추천 1q 혜택 정리 연회비 캐시백 지원 후기 안녕하세요 오늘 함께 알아볼건 일상 생활비 메인... 분들은 하나 1q카드 발급 시 현금 지원도 함께 받으면서 만들수가 있는데요 꼭 신규로 신청 하시는... ,DalbaM,blog.naver.com/wackydal,20250327
하나카드 프리미엄 추천 제이드 클래식 혜택 정리,https://blog.naver.com/trainer_luke/223714014447,하나카드 프리미엄 추천 제이드 클래식 혜택 정리 안녕하세요 고품격 VVIP 카드 연회비 12만원 으로 넘치는 서비스를 이용 할수 있는 것 인데요 현재 하나 제이드카드 플래티넘급 에서는 발급률이 1위 인데요... ,LTC 골프 퍼포먼스 / 인스타@ltc_performance,blog.naver.com/trainer_luke,20250103
하나카드 연체 즉시변제할수 없다면 필독!,https://blog.naver.com/iice88/223680039071,"하나카드 연체되었습니까? 보통 일반적인 카드사들의 연체를 주의해야 하는 이유 중의 하나가 순식간에 높은 이율이 붙어버리기 때문인데, 때로는 제 3금융권인 캐피탈, 대부업체보다 높을 때가 허다하니... ","회생파산 괴짜변호사, 김수금",blog.naver.com/iice88,20241202
하나카드 자동차담보대출 대상 한도 금리 상품내용,https://toyadiet.tistory.com/1089,"하나카드 자동차담보대출의 장점 중 하나는 대출을 받으면서도 차량을 계속 사용할 수 있다는 점입니다. 대출을 받기 위해 차량을 매각할 필요가 없으므로, 필요할 때 언제든지 차량을 이용할 수 있습니다. 이는... ",toyadiet,https://toyadiet.tistory.com/,20250309
공항라운지 동반자 무료 하나카드 제이드클래식,https://blog.naver.com/fotographer_/223698910655,있는 하나카드 제이드클래식 상품에 대해 알아보려고 합니다. 하나 제이드클래식은 최근에... 동반자 공항 라운지 무료 상품으로 요즘 인기를 끌고 있는 하나카드 제이드클래식 카드에 대해 간단하게... ,SHOOTING STOCK,blog.naver.com/fotographer_,20241219
하나카드 신용카드 추천 발급 캐시백 이벤트,https://blog.naver.com/didekgml321/223492035546,하나카드 신용카드 추천 발급 캐시백 이벤트 안녕하세요 오늘 소개 해드리는 내용은 인기 BEST 잘 알려지지 않았지만 실상 혜택에 대해 보시면 누구나 꼭 발급 하고 싶어하며 실제로 사용 하시는 분들도 할인 및... ,희지니맘의 So So 한 일상 ~,blog.naver.com/didekgml321,20240626
하나카드대출 비상금대출 똑똑한 수단을 찾고 있다면,https://blog.naver.com/destitute21336/223824968253,하나카드대출 비상금대출 하나카드대출 비상금대출 똑똑한 수단을 찾고 있다면 자금난이 발생했을 때... 여러가지 혜택을 받을 수도 있고 바람직한 소비를 위해서 모두 하나 이상의 신용카드를 소지하고... ,공부에만 미쳤있다 나온 세상,blog.naver.com/destitute21336,20250407
하나카드 설계사 원더카드 리빙 데일리 프리 T 완벽 비교 정리,https://blog.naver.com/polosport85/223667508196,하나카드 원더카드 혜택 으로 일상 생활비 사용 하기 좋은 것 으로 아파트 관리비 전기세 가스비 공과금에 대해 10% 병원 약국 전국 주유소 택시 커피전문점 세탁소 업종에 대해서 모두 10% 할인 가능 하며 유일... ,츄츄,blog.naver.com/polosport85,20241120
하나카드 설계사 원더카드 리빙 프리 데일리 T 발급 연회비... ,https://blog.naver.com/wackydal/223816702495,"하나카드 원더카드 혜택에 대해 하나 하나 소개 해드릴께요 일상생활 병원비 부터 시작해 공과금 까지 모두 10% 할인 가능 하며 연회비 19,900원 으로 저렴 하게 가성비 넘치는 할인 받으면서 이용 하실수가... ",DalbaM,blog.naver.com/wackydal,20250331
하나카드 추천 원더카드 데일리 설계사 신청 시 장점,https://blog.naver.com/kcah/223418351691,되는 것 뿐만 아니라 일상 생활 지출 비용과 매달 나가는 정기 결제 금액 꼭 하나카드 원더카드 통해 많은 절약을 해보세요 그리고 잊지 말고 가입 하실 때는 상담사님 통해 많은 현금 지원 받으면서 발급 해보세요,길라잡이 kcah님의 블로그,blog.naver.com/kcah,20240417
하나 원더카드 프리 FREE + 연회비 부담 없이,https://blog.naver.com/trainer_luke/223418284662,하나 원더카드 프리 FREE + 연회비 부담 없이 안녕하세요 이름 처럼 누구나 편하게 사용 하실 수 있는... 하나 원더카드 프리 FREE 이름 처럼 이나 전월 실적이 전혀 없는 상태 에서도 할인이 이용 가능 하며 사용... ,LTC 골프 퍼포먼스 / 인스타@ltc_performance,blog.naver.com/trainer_luke,20240417
전 가맹점 10% 적립카드! 하나원더카드 뽕 뽑는 꿀팁... ,https://blog.naver.com/ttokttogi/223821244083,https://blog.naver.com/ttokttogi/223412042209 &amp; 저번에 위 포스팅에서 하나카드사의 원더T&amp;B카드를 아주 잘 쓰고... 좀 어려워서 시작하자마자 포기할 수 있지만 뒤에 총정리 해드릴테니 잘 따라오시길 일단 원더카드... ,"쌍둥맘 똑또기의, 내돈내산 솔직리뷰",blog.naver.com/ttokttogi,20250403
하나카드 원더 카드 프리 무실적 신용카드,https://blog.naver.com/trouble_every/223308523542,"오늘은 이 조 건을 모두 충족하는 하나카드의 원더카드 프리에 대해 포스팅해 보겠습니다. 매달 차오르는 원더풀 한 혜택, 그리고 단 한장으로 많은 혜택을 경험하고 카드는 그대로이면서 혜택은 다르게 활용도... ",돈 버는 실전 경제,blog.naver.com/trouble_every,20231231
하나 원더카드 T 가입 혜택 분석,https://blog.naver.com/ok7106/223418236482,하나 원더카드 T 가입 혜택 분석 안녕하세요 우리가 일상에서 무조건 꼭 납부 해야만 하는게 한가지... 원다카드 T로 자동 납부 신청을 해야만 매달 납부 되면서 할인도 받을 수 있으니 꼭 신청 해보세요... ,ok7106님의 블로그,blog.naver.com/ok7106,20240417
하나은행 신용카드 원더카드 추천 or 비추천 혜택정리,https://blog.naver.com/hellorio/223066636517,"하나 신용카드 원더카드를 한달에 120만원 쓴다고 가정하면 주유로 할인 조차 100% 못받네요. 12만원까지 주유하고 12,000원 할인 받아볼수가 있습니다. 대중교통 할인은 없으며 택시만 할인 10%가... ",김벌자,blog.naver.com/hellorio,20230409
하나 원더 free 프리 카드 혜택 실적,https://blog.naver.com/prim616/223717757666,많은 카드를 찾고 있다. 오늘은 하나카드에서 시리즈로 나온 원더 카드 중 free 프리 카드를... 결론 하나 원더 프리 카드를 살펴보았다. 월 실적 조건이 40만 원 이상이라 좀 높긴 하지만 할인 혜택이... ,서자는 현금흐름의 파도를 타,blog.naver.com/prim616,20250108
하나 원더카드 T - 할인 받을 곳과 할인율을 내 마음데로 매달... ,https://blog.naver.com/information_link/223789524423,"내가 원하는 곳에서 내가 원하는 할인율로 매월 조절하며 사용하는 카드 하나 원더카드 T (ONE THE CARD T) 완벽 분석 카드 기본 정보 연회비 : 기본 서비스 12,000원 (국내전용/국내외겸용 동일) + 혜택 플러스 7... ",정보 잡화점,blog.naver.com/information_link,20250309
하나 신용카드 제이드카드 클래식 추천 발급 TOP,https://blog.naver.com/ok7106/223772367798,하나 신용카드 제이드카드 클래식 추천 발급 TOP 안녕하세요 다들 알고 있고 누구나 혜택에 대해 보시면 무조건 가입 하게 되는 프리미엄이 있는데요 출시 한지 얼마 안되었지만 1위를 유지 하고 있으며 그만큼... ,ok7106님의 블로그,blog.naver.com/ok7106,20250224
하나 제이드카드 JADE CLASSIC 특별 캐시백 지원 후기,https://blog.naver.com/trainer_luke/223826397461,하나 제이드카드 JADE CLASSIC 특별 캐시백 지원 후기 안녕하세요 오늘 소개 해드리는 프리미엄은 유일... 하나 제이드카드 업종 부터 설명 드려 볼께요 1.대한항공 진에어 아시아나 제주항공 롯데 신라 면세점... ,LTC 골프 퍼포먼스 / 인스타@ltc_performance,blog.naver.com/trainer_luke,20250408
하나 제이드카드 신규 발급 이벤트,https://blog.naver.com/polosport85/223600972911,하나 제이드카드 신규 발급 이벤트 안녕하세요 오늘은 요즘에 한창 뜨고 있는 가장 인기 많은 프리미엄... 있는 제이드카드 완벽히 안내 해드릴께요 그리고 추천 해드리는 설계사님 꼭 잊지 말고 상담 문의... ,츄츄,blog.naver.com/polosport85,20240929
하나 제이드카드 신규 캐시백 이벤트,https://blog.naver.com/wackydal/223728332321,하나 제이드카드 신규 캐시백 이벤트 안녕하세요 오늘 소개 하는 프리미엄 출시 하고 나서 최대 인기를... 하나제이드 에서만 제공 받을수 있는 서비스 입니다 프리미엄 으로 연회비는 12만5천원 입니다 하지만... ,DalbaM,blog.naver.com/wackydal,20250117
하나 제이드카드 공항 라운지 동반자 3인 무료 발급 후기,https://blog.naver.com/kcah/223706430027,하나 제이드카드 공항 라운지 동반자 3인 무료 발급 후기 안녕하세요 프리미엄 에서도 특히 연회비... 하나 제이드카드 유일한 혜택 이라고 할수 있는게 있는데요 프리미엄 에서는 만들게 되면 대부분 PP CARD... ,길라잡이 kcah님의 블로그,blog.naver.com/kcah,20241227
"트레블로그, 제이드카드(공항라운지 가능)+공항라운지사용... ",https://blog.naver.com/audwls0320/223747960569,"로그카드+제이드카드 3가지 입력해놨어요~ 하나카드 제이드카드는 공항라운지 1년에 3번, 1회... 2명이 카드 발급 받음 갈 때 3인 올 때 3인 사용가능요~) 저는 제이드 클래식으로 신청했고 연회비는 12만원인데... ",위례 에듀맘,blog.naver.com/audwls0320,20250205
크리스탈 제이드 / 옥토퍼스 카드 잔액 털기) + 5일차 컴백홈,https://blog.naver.com/lalainnz/223736892355,요번 홍콩 여행 성공적 마무리  간만의 여행 재밌었다 정말! #홍콩여행 #홍콩여행일정 #피크트램 #홍콩야경 #홍콩맛집 #하버시티 #베이징덕 #Azure80 #홍콩공항맛집 #크리스탈제이드 #옥토퍼스카드 #그레이터베이항공,오늘 행복했다면 그걸로 됐어,blog.naver.com/lalainnz,20250124
하나 제이드 카드로 홍콩 라운지 이용후기,https://blog.naver.com/marketdodo/223815411325,더라운지 애을 설치하고 제이드클래식 카드를 미리 등록하고 라운지 등록시 여권과 탑승권 함께... 라운지 카드 하나 제이드 카드 추천이에요./ 아이들과 밤비행기 타기위해선 라운지 이용하는거 정말... ,두두쌤의 보따리,blog.naver.com/marketdodo,20250330
라운지앱 라운지 동반카드 제휴할인 하나 제이드 블리스5 카드,https://ndolson.com/531303,"또 하나 제이드 블리스 5 카드가 무실적이라 또 좋다고 하니 참고하세요. * 제이드 카드는 마티나 골드가 아니라, 일반 국내 라운지(마티나 등) 동반카드입니다. 참고하세요. 마티나골드 라운지 라운지 시설과... ",엔돌슨의 IT이야기,https://ndolson.com/,20240928
에어팟 연결 구마모토공항 ATM  공항리무진 트래블로그,https://blog.naver.com/spmgreen/223798835332,"여기 ATM에서 트래블로그로 현금을 인출했다. 구마모토 ATM 인출 방법 1. Withdraw 선택 2. 카드 삽입... 카드, 현금 챙기기 트래블로그로 쉽게 인출 성공! 분명 5만원만 뽑았는데, 다음날 남편이 50만원... ",오리나라 너구리맛집,blog.naver.com/spmgreen,20250317
대만 타오위안공항 럭키드로우 당첨 숙박바우처 / 트래블로그 인출,https://blog.naver.com/king89win/223768561900,김해공항에서 대만 타오위안공항 트래블로그 출금 / 럭키드로우 당첨 사진 글 영상 © Day-to-day... 트래블로그 출금 수수료무료 공항에서 짐 찾는곳에서 나왔을때 바로 오른편 쪽으로 환전소가 있고 환전소... ,Day-to-day,blog.naver.com/king89win,20250221
"다낭 비엣젯 후기, 다낭 공항 atm 위치, 트래블로그 출금 방법",https://blog.naver.com/333444455555/223692558062,트래블로그 다낭 공항 트래블로그 ATM 베트남에서 이용하기 좋은 트래블로그 특히 개인적으로는 유니온 페이를 사용하는 편이다. 트래블로그 유니온 페이의 경우에는 BIDVBank / VietinVank 에서 출금 수수료 없이... ,제목 아직없음 (부:엄마보라고 쓰는 일기),blog.naver.com/333444455555,20241213
도시락 맛집 ‘Delica Station’ / 트래블로그 ATM 출금,https://blog.naver.com/miracleseon/223766725032,[ 일본 트래블로그 ATM / 나고야 트래블로그 ATM / 사카에 세븐뱅크 ATM / 히사야오도리역 이온뱅크 ATM / 나고야 다카야마 기차 / 나고야역 도시락 맛집 추천 델리카스테이션 ] 나고야 여행 2일차 나고야역에서 7시... ,writing to remember,blog.naver.com/miracleseon,20250220
해외여행 필수 트래블카드 사용법 하나머니 트래블로그,https://blog.naver.com/sohyun1989/223826114715,"하나머니 트래블로그를 추천하는 이유는? 올해 2025년 말까지 무료 환전 혜택(환율우대 100%)을... 하나머니 트래블로그는 Mastercard, VISA, UPI 등 다양한 카드 브랜드 선택이 가능하다는 것도 장점이랍니다. 만약... ",ITech + Nomad = 소발킴,blog.naver.com/sohyun1989,20250408
"이동, 트래블월렛 &amp; 트래블로그 사용법 완벽 가이드 (전철 포함)",https://blog.naver.com/soerico/223766471673,"트래블월렛 트래블로그 사용법 자, 설레는 마음으로 떠나는 후쿠오카 여행! 오늘은 후쿠오카 공항에서 하카타역으로 편리하게 이동하는 방법과 여행 필수템인 트래블월렛 &amp; 트래블로그 활용법을 상세히... ","여기, 어서와૮ ฅ•ﻌ•აฅ",blog.naver.com/soerico,20250219
트래블로그 후쿠오카 자유여행 3박 4일 - 나가사키여행으로... ,https://blog.naver.com/ruddbsangel/223786693722,"그래서 트래블로그를 좀 작성해볼까 싶다, 나중에 읽으면 재밌을 것 같아서 :) 후쿠오카는 나름 여러번... 계획하신다면, 꼭 한번 넣어보시길!!!! ㅋㅋㅋ 후쿠오카자유여행 트래블로그는 02로 이어집니다 ★",Life is just a bowl of cherries,blog.naver.com/ruddbsangel,20250307
발리 공항 환전- 트래블로그로 BNI ATM 수수료 무료,https://blog.naver.com/laidbacknanna/223819434342,시대가 바뀌었고 신용카드나 트래블로그같은 게 있다고 하더라도 일정 금액의 현지 통화는... 발리여행 환전 꿀팁 트래블로그 카드 + BNI ATM 발리 공항에서 루피아 수수료없이 출금하기 결론만 먼저... ,인생은 유유자적 난나처럼,blog.naver.com/laidbacknanna,20250402
트래블로그 트래블카드 종류 사용 방법 후기,https://blog.naver.com/overroad89/223826461752,"트래블로그 트래블카드 종류 사용 방법 후기 얼마전에 4박 5일 일정으로 일본을 다녀왔는데요, 해외... 이럴 때 더 간편하게 이용하능한 방법이 있으니 바로 하나머니 트래블로그입니다. 어떤 점에서 편한지... ",역쟁이,blog.naver.com/overroad89,20250408
혜택좋은 체크카드 추천 해외 결제 편한 카카오페이 트래블로그,https://blog.naver.com/alswl09100/223734635929,바로 카카오페이 트래블로그 체크카드에요! 출장 자주 가는 남편과 해외여행 계획이 있는 저를 위해... 카카오페이 트래블로그는 국내에서도 알차게 사용할 수 있게 세팅되어 있다는 게 장점입니다. 카드 발급... ,재테크하는 제인,blog.naver.com/alswl09100,20250122
"푸꾸옥 그랜드월드 atm 수수료 (트레블월렛, 트레블로그)",https://blog.naver.com/yourfavenzo/223569363389,"트레블월렛 #트레블로그 #푸꾸옥현금 #푸꾸옥phuzim #푸꾸옥ATM #그랜드월드atm #데이트타워 #공항atm... 트레블월렛이나 트레블로그 카드로 뽑으면 100% 환전으로 수수료 없이 뽑을 수 있답니다!! 단, 어느... ",SEA YOU SOON,blog.naver.com/yourfavenzo,20240902
"중국 여행 준비, 트레블로그 즉시 발급, 대한항공 KE897, 중국... ",https://blog.naver.com/one23462/223793074288,하나은행 트레블로그를 많이 쓴다고 해서 만듦 수수료 안 붙고 혜택이 있다는데 그런 거 잘 모르겠고 친구랑 정산하기 기능이 있어서 여행경비 정할 때 아주 좋았음! #트레블로그카드 를 알리페이랑 위챗페이에... ,일기록지,blog.naver.com/one23462,20250312
트레블로그 체크카드 장점 단점 발급방법,https://hipsterlibertarian.com/15045,"4월 4, 2025 글쓴이 hipsterlibertarian 트레블로그 체크카드 장점 단점 발급방법 트레블로그 체크카드의 장점과 단점 트레블로그 체크카드는 여행을 즐기는 이들에게 특별히 설계된 카드로, 해외에서의 사용에... ",힙나비,https://hipsterlibertarian.com/,20250404
"환전 후기_동 원화 / 동 달러 / 트레블로그 환전, 뭐가 좋을까?",https://blog.naver.com/italia0220/223697550650,"달러 / 트레블로그 환전, 뭐가 좋을까? 제 대답은 편한대로 하십쇼!입니다 동 원화 vs 동 달러 물론... 우리의 시간은 소중하니까요 환전소 vs 트레블로그 이것 또한,, 큰 차이가 없습니다! 저는 좀... ",이불 밖도 재밌어,blog.naver.com/italia0220,20241218
발리 전자비자 자동입국 공항ATM 트레블로그 카드 현금인출,https://blog.naver.com/spmgreen/223514319663,우리는 트레블로그로 현금을 인출했다. 발리 트레블로그 현금인출은 ATM기계 중에서도 mandiri은행으로 하면 수수료 부과 없이 인출이 가능하다! 우리는 190만 루피아 한화로 약 16만3000원 정도였다. (환율... ,오리나라 너구리맛집,blog.naver.com/spmgreen,20240716
베트남 나트랑 트레블로그 atm에서 현금 찾기,https://blog.naver.com/juliemam511/223827991357,"하나 트레블로그 마스터카드로 현금 인출 카드 삽입하면 언어 선택이 나온다 했는데 나오지 않았다 계속 continue 화면 터치하고 한 번에 무료로 뽑을 수 있다는 2,000,000만 동 터치하고 (근데 더 큰돈 눌러도... ",지햄성이의 제주도 일주하기,blog.naver.com/juliemam511,20250410
"베트남 하노이 여행기 (3박4일, 유심, 트레블로그, 날씨)",https://blog.naver.com/likez2/223109198141,"오로지 트레블로그 카드로만 해결했답니다! 원래 트레블월렛만 썼었는데, 이번에 처음으로 트레블로그 카드 써봤거든요? VPBANK에서 수수료 무료도 똑같고, 환전수수료 없고_ 둘 차이가 별로 없으니 편하신... ",오늘은 또 어디로-,blog.naver.com/likez2,20230614
일본 트레블로그 ATM 현금 인출 방법,https://blog.naver.com/baum941/223816645867,오늘은 일본 여행 필수 준비물인 트레블로그 카드로 현금 인출하는 방법에 대해 포스팅 해볼게요~! 트레블로그 카드는 인터넷 뱅킹으로 미리 환전한 뒤 출금만 일본 ATM에서 하는거랍니다! 저도 할 때마다... ,바움의 일상,blog.naver.com/baum941,20250331
"카이로공항 도착비자, 유심 사기 현지에서 트레블로그카드 현금... ",https://blog.naver.com/starnkid/223761975259,#카이로공항에서유심 #카이로공항에서트레블로그현금인출 #카이로공항트레블로그무료수수료현금인출 #카이로공항에서도착비자사기 카이로 공항 도착 출국장으로 가다보면 중간에 비자를 사야... ,starnkid 의 블로그,blog.naver.com/starnkid,20250218
롯데카드 추천 로카 365 에듀 클래식 설계사 발급 이벤트,https://blog.naver.com/wackydal/223772349189,롯데카드 추천 로카 365 에듀 클래식 설계사 발급 이벤트 안녕하세요 오늘 소개 해드리는 인기 시리즈... 모든 카드랑 마찬 가지로 실적 제외 되는 항목은 정해져 있는데 위 실적 제외 대상 참고 해보세요... ,DalbaM,blog.naver.com/wackydal,20250224
롯데카드 추천 로카 365 에듀 클래식 설계사 신규 발급 혜택 비교,https://blog.naver.com/ash8209/223825243152,"롯데카드 로카 라인은 인기 1순위 카드라고 할 수도 있는데요. 생활비와 공과금 할인이 상당히 좋아 정말 많은 도움이 되실 것입니다. 매월 37,500원이 고정 할인 됩니다. 사용하는 모든 금액을 포함해서 자동... ",Wasser!!?,blog.naver.com/ash8209,20250408
[롯데카드 ESG] 띵크어스 일흔한 번째 로컬 크리에이터... ,https://blog.naver.com/lottecard_blog/223821818068,,롯데카드 블로그,blog.naver.com/lottecard_blog,20250404
롯데카드 추천 로카 365 에듀 클래식 설계사 발급 진행 후기,https://blog.naver.com/moozuknet/223809346187,롯데카드 추천 로카 365 에듀 클래식 설계사 발급 진행 후기 인기 카드에 대해 알아본 후 사용하고자 하는 분들이 많이 계실 겁니다. 인기가 많은 카드는 사람들이 많이 사용하는 이유가 있기 때문에 누구나... ,무적쥔장's Blog,blog.naver.com/moozuknet,20250325
롯데카드 설계사 로카 365 파리 에듀 인기 추천 비교,https://blog.naver.com/ok7106/223790940345,롯데카드 설계사 로카 365 파리 에듀 인기 추천 비교 안녕하세요 오늘은 가장 발급률 높은 시리즈만... 하는 롯데카드 설계사 뽑은 BEST 세가지 상세 하게 알아 보도록 하겠습니다 발급 높은 순위 대로 나열 해서... ,ok7106님의 블로그,blog.naver.com/ok7106,20250310
롯데카드 추천 로카 365 에듀 클래식 설계사 신규 발급 지원 체크,https://blog.naver.com/nomnice1/223803843006,오늘 롯데카드 발급 정보 알려드리겠습니다. 처음부터 어떠한 카드 상품으로 선택하는지에 따라서 다양한 지원과 서비스 이용할 수 있답니다. 보통은 어플이나 홈페이지를 통해 시간이 없으신 분들께선 이러한... ,생각하라 그리고 성공해라,blog.naver.com/nomnice1,20250320
롯데카드 추천 로카 365 에듀 클래식 설계사 혜택 발급 후기,https://blog.naver.com/kcah/223726006844,롯데카드 추천 로카 365 에듀 클래식 설계사 혜택 발급 후기 안녕하세요 2024년도 인기 최고를 누렸던... 으로 롯데카드 추천 매년 마다 1위 매달 36500원씩 할인 받을수 있으며 로카 365 에듀 클래식 중 1위 전월... ,길라잡이 kcah님의 블로그,blog.naver.com/kcah,20250114
롯데카드 추천 로카 365 에듀 클래식 설계사 신규 발급 캐시백,https://blog.naver.com/polosport85/223812226451,롯데카드 추천 로카 365 에듀 클래식 설계사 신규 발급 캐시백 안녕하세요 카드를 만드는 사람들 이라면 누구나 같은 생각 으로 만드실 꺼에요 사용 하는 금액에 대해 모두 할인 받거나 많은 적립 받으면서 사용... ,츄츄,blog.naver.com/polosport85,20250327
롯데카드 설계사 추천 하는 로카 365 클래식 에듀 비교 분석,https://blog.naver.com/didekgml321/223736388762,실물카드가 오기만을 기다릴 필요 없이 바로 사용도 할수가 있습니다 설명 해드리는 내용에 대해서도 궁금한게 있다면 혼자서 찾아 보고 공부 하지 말고 소개 해주시는 전문 롯데카드 설계사 통해 문의... ,희지니맘의 So So 한 일상 ~,blog.naver.com/didekgml321,20250123
롯데카드 추천 로카 365 클래식 에듀 설계사 발급 서비스,https://blog.naver.com/trainer_luke/223763619321,롯데카드 추천 로카 365 클래식 에듀 설계사 발급 서비스 안녕하세요 생활비로 사용 하기 매우 좋은 것... 기존에 롯데 사용 하고 있는 분들의 경우 캐시백 지원이 불가능 하니 꼭 신규로 하시는 분들만 문의... ,LTC 골프 퍼포먼스 / 인스타@ltc_performance,blog.naver.com/trainer_luke,20250217
"KTM모바일 제휴카드 (삼성카드, 비씨카드)",https://blog.naver.com/good-mylife/223761405624,"3천원 비씨카드에서 유의사항은 단일 매출 2만원 이상 통신요금에만 적용된다는 점! M버십 할인을 받아 카드결제 통신요금이 2만원 이하인 경우 카드할인 금액이 16,000원이 아닌, 기본 7,000원으로 된다는... ",★ 축복받은 삶 ★,blog.naver.com/good-mylife,20250215
출석체크 앱테크 자산관리 가능한 비씨카드 페이북THE부자,https://blog.naver.com/hoo2524/223174911776,출석체크 앱테크 자산관리 가능한 비씨카드 페이북THE부자 여러분 안녕하세요 오늘은 앱테크를 하는... 바로가기 준법감시인 2023-1160호 본 포스팅은 BC카드로부터 원고료를 지원 받아 직접 체험 후 주관적으로... ,Bang’s story,blog.naver.com/hoo2524,20230804
비씨카드 결제일 관리 방법 및 유용한 팁,https://blog.naver.com/kimshzeus/223784368101,일부 특정 카드는 결제일 변경이 제한될 수 있다고 덧붙였습니다. 3. 비씨카드 결제일 최적화 전략 1️⃣ 월급날과 가장 가까운 날짜로 설정하기 급여일과 결제일이 멀면 자금 흐름이 원활하지 않을 수... ,재테크 공략집✨️ 돈이 스스로 일하게 만드는 방법,blog.naver.com/kimshzeus,20250305
"비씨 카드 라이트 할부, 신청 방법과 유의사항",https://hipsterlibertarian.com/14828,"비씨 카드 라이트 할부는 이자율이 다른 카드사와 비교해 상대적으로 낮은 편이지만, 소비자가 선택하는 할부 기간에 따라 이자 비용이 달라질 수 있습니다. 또한, 할부를 조기 상환할 경우 추가 수수료가... ",힙나비,https://hipsterlibertarian.com/,20250330
대구은행) 비씨카드 현장할인 본인포함 4인까지~11/3,https://blog.naver.com/rararans/223617385639,"2024.10.5(토)~11.3(일) iM뱅크 비씨카드(개인신용,체크카드) 네이처파크 할로윈 페키지 특가(본인포함 4인까지 할인) 현장 할인가 1인 12,000원 (정상가격 26,000원 할인율 54%) &lt;할로윈 패키지 구성&gt; 1.종일권(입장권) 2.... ",예효영삼남매,blog.naver.com/rararans,20241013
재산세 카드납부 방법 위택스 비씨카드,https://blog.naver.com/la7la7/223587379902,했습니다 비씨카드를 눌러주고 저는 앱카드 결제를 선택했어요 팝업이 뜨면 확인을 클릭하고 다음을 클릭해줍니다 할부기간 선택을 클릭해서 일시불 또는 원하는 개월수를 선택해서 클릭하고 다음을... ,달콤한 numi park♡,blog.naver.com/la7la7,20240918
온누리상품권 결제 가능한 비씨카드 온누리몰 행사 소식,https://blog.naver.com/sohyun1989/223499769256,"글은 비씨카드의 원고료 지원을 받아 작성하였습니다 - 계약을 체결하기 전에 금융상품설명서와 약관을 확인하시기 바랍니다. - 신용카드 발급이 부적정한 경우(연체금 보유, 개인신용평점 낮음 등)... ",ITech + Nomad = 소발킴,blog.naver.com/sohyun1989,20240704
"비씨카드, 수익성 회복 '성공…&quot;본업 집중한 덕&quot;",https://blog.naver.com/ibtomato/223573516985,2022년에는 전북은행과 SC제일은행도 이탈행렬에 동참했고 지난해에는 비씨카드 결제 대행 업무 수익의 40%가량을 차지했던 우리카드도 비씨카드 결제망을 떠났다. 이에 비씨카드는 가계대출과... ,자본 시장의 파수꾼 IB토마토(www.ibtomato.com),blog.naver.com/ibtomato,20240905
비씨카드면접 BC카드면접 1차 2차 기출문제 후기,https://blog.naver.com/mr_bank/223646147036,BC카드 비씨카드면접 1차 : 실무 / 2차 : 임원 준비방법 및 전략공유 ⭐ 비씨카드 1차면접 준비 ㄴ본 내용은 24년 상반기 기준 작성입니다 ㄴ반드시 전달받은 안내문을 참고해주세요 다대일로 진행하는 개별면접... ,뱅커스,blog.naver.com/mr_bank,20241104
온누리상품권 결제가 가능한 비씨카드 BC 온누리몰 행사,https://blog.naver.com/heena_mom/223505417580,글 @비주언니 비씨카드가 충전식 카드형 온누리상품권 전용 온라인 쇼핑 플랫폼 BC온누리몰을 오픈했다고 해요. 전국 전통시장 상권 활성화와 소상공인 가맹점주들의 판로 확대 지원을 위해... ,▒ 희나네집 ▒ 라이프스타일디자이너! : 비주언니,blog.naver.com/heena_mom,20240708
삼성카드 발급 설계사 추천 혜택 신규 지원 최대로,https://blog.naver.com/moozuknet/223776625697,같은 카드사라도 혜택과 조건이 다양해서 꼼꼼히 비교한 후 저한테 가장 적합한 카드를 선택했어요. 예전에 사용하던 삼성카드 탭탭오는 해지한 지 오래됐는데 최근 삼성카드 ID 시리즈가 주목받고 있다는... ,무적쥔장's Blog,blog.naver.com/moozuknet,20250228
삼성카드 설계사 발급 최대 혜택 누리기,https://blog.naver.com/nomnice1/223814438642,국내 특급 호텔 객실 및 다이닝 15만 원 할인 골프장 주중 부킹 대행 및 15만 원 할인 삼성물산 패션... 삼성카드 설계사가 가장 추천하는 카드로 알려져 있기도 합니다. 국내외 가맹점 1.2% 빅포인트 적립이... ,생각하라 그리고 성공해라,blog.naver.com/nomnice1,20250331
삼성카드 추천 설계사 신규 지원금 최대,https://blog.naver.com/polosport85/223811050029,삼성카드 추천 설계사 신규 지원금 최대 안녕하세요 오늘은 처음 카드를 발급 하거나 또는 정식 상담사님을 통해서 가입을 희망 하는 분들을 위해서 현금 캐시백 역대급 으로 제공 해주시는 분 소개 하도록... ,츄츄,blog.naver.com/polosport85,20250326
삼성카드 설계사 발급 최대혜택 받기,https://blog.naver.com/kiara74/223808865145,가능하며 삼성물산 패션 직영 매장 15만 원 결제일 할인 적용이 가능하다는 점 알아두시면 유익하게... 국내외 가맹점 1.2% 빅포인트 적립도 가능하여 삼성카드 설계사가 적극 추천하는 카드로 전월 실적... ,무언가를 시작할 때,blog.naver.com/kiara74,20250325
"삼성카드 설계사 발급 최대혜택,캐시백 겟!",https://blog.naver.com/mmm7658/223784878388,"필요 없는 건 과감히 정리하고, 본인에게 맞는 혜택을 받을 수 있는 카드로 바꾸는 게 가장 중요한 포인트입니다. 제가 직접 경험해 본 결과, 삼성카드 설계사님과 상담하는 게 혜택을 극대화하는 가장 확실한... ",옷 잘입는 아프리카,blog.naver.com/mmm7658,20250305
삼성카드 설계사 발급 최대혜택 누리기,https://blog.naver.com/ash8209/223821210842,단순한 소비 수단이 아니라 하나의 라이프스타일 도구로 자리 잡은 카드라고 보셔도 좋습니다. 삼성카드 설계사에게 안내받아 발급이 가능한 이 카드는 국내외 가맹점에서 1.2%의 빅포인트가 무제한... ,Wasser!!?,blog.naver.com/ash8209,20250404
삼성카드 추천 설계사 직접 뽑은 인기 시리즈,https://blog.naver.com/trainer_luke/223821058393,삼성카드 추천 설계사 직접 뽑은 인기 시리즈 안녕하세요 지금 부터 소개 해드리는 건 오늘 포스팅의... 현재 카드 사용이 워낙 많아서 정리 하려고 하시는 분들도 있을 텐데요 모두 전문가를 통해서 상담 받아... ,LTC 골프 퍼포먼스 / 인스타@ltc_performance,blog.naver.com/trainer_luke,20250403
삼성카드 추천 설계사 신규 혜택 후기,https://blog.naver.com/didekgml321/223799941331,삼성카드 추천 설계사 신규 혜택 후기 안녕하세요 오늘은 국내 최대 캐시백 지원 해주시는 정식... 많은 카드 및 본인 소비 패턴에 적합한 맞춤 진행 특히나 발급 캐시백 받는것 보다 더욱 중요 한게 바로 어떤걸... ,희지니맘의 So So 한 일상 ~,blog.naver.com/didekgml321,20250317
전기차 충전 할인 신용카드 발급 no.1 삼성카드 ev id plug in,https://blog.naver.com/ok7106/223805074222,전기차 충전 할인 신용카드 발급 no.1 삼성카드 ev id plug in 안녕하세요 오늘은 요즘 날이 갈수록 늘어 나고 있는 이브이 차량에 대한 모든 혜택이 포함 되어 있는걸 소개 해드리도록 하겠습니다 이거 한장만... ,ok7106님의 블로그,blog.naver.com/ok7106,20250321
삼성카드 추천 ID ALL 신규 캐시백 최대로,https://blog.naver.com/kcah/223733284345,삼성카드 추천 ID ALL 신규 캐시백 최대로 안녕하세요 오늘은 아파트 관리비 부터 시작해 일상의 많은... 때문에 삼성카드 추천 해드리는 이유 이고 맞춤 적립 으로 ID ALL 높은 포인트 적립 할수 있을 꺼에요... ,길라잡이 kcah님의 블로그,blog.naver.com/kcah,20250121
신한카드 포인트플랜 플러스+ 추천 설계사 최대 혜택 지원,https://blog.naver.com/ash8209/223826544140,신한카드 포인트플랜 플러스+ 추천 설계사 최대 혜택 지원 생활비는 꾸준하게 들어가는 금액이기... 기본적인 적립률에 대해서 알아보자면 이 유형은 적립형 중에서도 신한카드 추천 1순위일 정도로 적립되는... ,Wasser!!?,blog.naver.com/ash8209,20250409
신한카드 설계사 발급 혜택 더클래식 플러스 + s y 라운지 추천... ,https://blog.naver.com/moozuknet/223827490394,물론 프리미엄 서비스가 제공되기에 연회비가 다른 카드에 비해 높다는 사실입니다. 그래서 이럴 때는 신한카드 설계사를 통해 혜택을 받으며 신청하시면 됩니다. 따로 오늘 소개해 드리는 분을 통해... ,무적쥔장's Blog,blog.naver.com/moozuknet,20250409
캠페인] #13 신한카드 아름인과 함께 기후위기 속 타 들어가는... ,https://www.shinhancardblog.com/1351?category=504373,ESG/지속가능 신한 [가치 아껴요! 캠페인] #13 신한카드 아름인과 함께 기후위기 속 타 들어가는 지구를 지켜주세요! Shinhancard 2025. 3. 21. 09:00 2022년 3월 울진·삼척에서 발생한 대형 산불을 기억하시나요? 올해 1월... ,신한카드 공식 블로그,https://www.shinhancardblog.com/,20250321
신한카드 추천 더클래식 플러스 + s y 설계사 신규 이벤트,https://blog.naver.com/trainer_luke/223785145431,신한카드 추천 더클래식 플러스 + s y 설계사 신규 이벤트 안녕하세요 오늘은 프리미엄 중 고품격... 꼭 신한카드 설계사 분을 통해 신청 하시고 부담 되는 부분 해결 하시는데요 그리고 또 한가지 더클래식... ,LTC 골프 퍼포먼스 / 인스타@ltc_performance,blog.naver.com/trainer_luke,20250305
신한카드 추천 발급 더클래식 플러스 라운지 및 연회비 캐시백,https://blog.naver.com/didekgml321/223816776009,신한카드 추천 발급 더클래식 플러스 라운지 및 연회비 캐시백 안녕하세요 오늘 소개 해드리는... 특히 신한카드 추천 하는 이유가 전세계 어느 공항 에서든 이용 더 라운지 앱을 통해 이용 하여 횟수 제한 없이... ,희지니맘의 So So 한 일상 ~,blog.naver.com/didekgml321,20250331
신한카드 주유할인 딥오일 deep oil 한장이면 끝,https://blog.naver.com/kcah/223818167805,신한카드 주유할인 딥오일 deep oil 한장이면 끝 안녕하세요 오늘은 최고의 유류비 할인을 자랑 하고... 두가지는 신한카드 deep oil 그리고 rpm+플래티넘 이렇게 있습니다 둘다 출시 한지 벌써 10년이 넘었지만 아직... ,길라잡이 kcah님의 블로그,blog.naver.com/kcah,20250401
신한카드 추천 더클래식 플러스 + s y 설계사 신규 혜택,https://blog.naver.com/kiara74/223817594612,"가지 카드를 비교 분석해 드리겠습니다. 신한카드 더클래식 플러스 + s y에 대해 알아보고 계시다면... 더클래식s는 마이신한포인트 사용자, 더클래식y는 젊은 감각의 포인트 사용자라고 이해하시면... ",무언가를 시작할 때,blog.naver.com/kiara74,20250402
신한카드 설계사 더클래식 플러스 + s y 라운지 무료 후기,https://blog.naver.com/wackydal/223825564706,신한카드 설계사 더클래식 플러스 + s y 라운지 무료 후기 안녕하세요 여러 가지 많은 혜택이 있는... 많은 신한 더클래식 시리즈 세가지 소개 하도록 하겠습니다 완벽 하게 혜택에 대해 설명 해드리고 장점과... ,DalbaM,blog.naver.com/wackydal,20250408
신한카드 설계사 발급 더클래식 플러스 + S Y 비교 추천 라운지... ,https://blog.naver.com/polosport85/223767547334,신한카드 설계사 발급 더클래식 플러스 + S Y 비교 추천 라운지 서비스 안녕하세요 오늘 설명 드리는... 이건 신한카드 설계사 분이 있으니 부담 없이 신청 할수가 있으며 또한 제공 되는 바우처 까지도 함께... ,츄츄,blog.naver.com/polosport85,20250220
신한카드 설계사 발급 캐시백 더클래식 플러스 + S Y 라운지 혜택,https://blog.naver.com/ok7106/223815414388,신한카드 설계사 발급 캐시백 더클래식 플러스 + S Y 라운지 혜택 안녕하세요 오늘 소개 하는 플래티넘... 때문에 신한카드 설계사 없어서는 안될 분 이에요 소개 해드리는 세가지 더클래식 플러스 + S Y 전부 많은... ,ok7106님의 블로그,blog.naver.com/ok7106,20250330
"준비 : 트래블로그, 쏠트래블카드, 베트남환전, 그랩 결제... ",https://blog.naver.com/ksoom/223776688366,"ATM출금, 수수료 무료, 그랩 할인 출국 5일 전쯤 급하게 신청해서 받은 트래블로그 유니온페이, 쏠트래블 체크카드 ⬆️⬆️⬆️ 선택할 때 하노이도깨비 만텐88님의 글이 도움이 많이 됐다. 블로그에... ","숨, 쉬듯 여행",blog.naver.com/ksoom,20250227
"(후지산 없는) 시즈오카 여행] 제주항공, 쏠트래블라운지 후기",https://blog.naver.com/orangeguy123/223425508544,#쏠트래블 #라운지 #쿠폰 애매한 시간대 항공편이라서 라운지 들려야겠다 싶어서 쏠 트래블 쿠폰 받아놨더랬다. 쏠 트래블 쿠폰을 쓰러 고고 쏠 트래블 라운지 쿠폰으로 사용할 수 있는 라운지로 인천공항... ,떠다니기,blog.naver.com/orangeguy123,20240424
"다낭공항 라운지 할인 pp카드 쏠트래블 오키드라운지1,2",https://blog.naver.com/oisuloi/223828193233,"신한 쏠트래블 카드 라운지 이용 해외여행 필수템인 pp카드, 트래블카드 중 연회비, 완판실적 등 비교했을 때 쏠트래블 체크카드는 여행가기 전월 30만원 실적충족만 하면 됩니다. 쏠트래블 카드는 연2회... ",공익연계마케터 / 나눔실천특별위원회,blog.naver.com/oisuloi,20250410
신한은행 쏠트래블 체크카드 베트남 나트랑 ATM 인출 라운지,https://blog.naver.com/tbtdvlpks/223505737034,"비교하다가 저는 여러개 만들긴 했는데, 이번에 만들고 사용해본 귀여운 신한은행 쏠트래블 체크카드 베트남 나트랑에서 사용한 후기 남겨볼게요. 1. 쏠트래블 체크카드 제가 사용한 이 짱구 캐릭터는 1,000원이... ",도깨비가 알려드림,blog.naver.com/tbtdvlpks,20240709
3박 4일 다카마쓰 여행 - 신한 쏠트래블 체크카드 일본 현지... ,https://blog.naver.com/bluemind12/223568999101,신한 쏠트래블 체크카드 일본 현지 ATM 출금 방법 일본 다카마쓰 여행을 준비하면서 만들게 된 신한... 문제였다 트래블카드 사용 후기 중에 카드 결제는 되었자만 ATM 출금이 안되는 문제로 고생했다는 후기가... ,하늘색 꿈,blog.naver.com/bluemind12,20240902
"ATM기 환전 방법 (신한쏠트래블카드, 하나트래블로그 유니온페이)",https://blog.naver.com/bluebjhj/223803757707,"푸꾸옥 여행 필수카드 2개 ( 신한쏠트래블카드, 하나트래블로그 유니온페이 ) 안녕하세요. 4살 터울... 기존에 쏠 어플이 있어서 외화예금 하나 개설하고 카드 신청했더니 3일 정도 지나서 집으로 카드가... ",옛니야놀자♡,blog.naver.com/bluebjhj,20250320
베트남 나트랑 환전 김청 김빈 ATM 환율 쏠트래블 환전방법,https://blog.naver.com/blacklish1/223739909650,기준 트래블월렛 쏠트래블 체크카드 등에 동을 넣으신 후 ATM 출금하시는게 환율이 가장 좋습니다. 공항은 환율이 통일되어 있더라구요~~ 1원 기준 15동 5만원 기준 75만동입니다~~ 급하게 필요하신 분들만... ,블랙리쉬의 소소한 일상,blog.naver.com/blacklish1,20250127
인천공항 마티나 라운지 서편 위치 쏠트래블 무료 이용 후기,https://blog.naver.com/my1005757/223814329651,인천공항 마티나 라운지 후기 쏠트래블 체크카드 전월 실적 30만 원 이상 실적을 채우면 전세계... 체크카드 쏠트래블 전월 실적 30만 원 채우면 무료로 이용 가능해서 이번에 무료로 잘 사용하고 왔다.... ,똥개의 하루,blog.naver.com/my1005757,20250329
공항 마티나 라운지 서편 무료 이용하기 (Feat.신한 쏠 트래블),https://blog.naver.com/saddmi89/223758034605,신한 쏠 트래블 체크카드 전월 실적 30만 원 (국내 이용)만 사용하면 공항 라운지 무료 이용권을 받을 수... 이번에는 쏠 트래블 덕분에 100% 우대환율 받고 미 달러-&gt; 동남아 요게 당연시됐는데 이번엔 그냥... ,Endless Cindy,blog.naver.com/saddmi89,20250212
20240427 아부다비 공항 펄라운지 후기 ( #신한 쏠 트래블카... ,https://blog.naver.com/today_boojirun/223428631239,그래서 #신한쏠트래블카드 를 발급받아 전달에 30만원 실적을 채웠다. 그리고 #더라운지 앱을 깔고... ==&gt; 쏠트래블 라운지 이용권으로는 안되는거 같다. 샤워실을 사용하고 싶다고 하니 안된다고 하네.. 내가 덜... ,이제부터 부지런하게 살거야,blog.naver.com/today_boojirun,20240427
"호캉스를 온전히 누리는, 우리카드 ALL INFINITE",https://blog.naver.com/blue315h/223800507613,"세번째로는 호텔체인 연계되는 카드를 사용하는 것입니다. 제가 결정한 방법인데, 우리나라에서... 결론~ 호캉스에 진심이라면 우리카드 ALL INFINITE 로~~!! ㅋㅋ #호캉스신용카드추천 #우리카드 #아코르호텔",윤님의 놀이터,blog.naver.com/blue315h,20250318
우리카드 올인원대출 카드론 한도 금리 비교 후기,https://blog.naver.com/myungs8/223816381310,"올인원대출은 신규 고객도 이용 가능하지만, 카드론은 우리카드 회원만 신청 가능하다는 점 잘 참고해 주시고요. 365일 24시간 신청 및 입금도 가능해서 급전이 필요할 때 유용합니다. # 거절 또는 한도 부족 시... ",만남의코트2,blog.naver.com/myungs8,20250331
우리카드 고객패널 10기 추가모집 안내,https://blog.naver.com/prwooricard/223811559245,첨부파일 우리카드 온라인 지원서 및 동의서_지원자명.doc,우리카드 공식 블로그,blog.naver.com/prwooricard,20250327
월세 카드결제 장단점 ft.우리카드,https://blog.naver.com/makaronn/223814170322,우리카드 납부서비스 중에 [우리월세] 라고 있습니다. 월세 카드납부 서비스라고 되어있죠!!!! 오홋 설마 월세도 카드결제 가능???? 생소했지만 이번에 저도 월세로 이사를 했기 때문에 굉장히 관심이 가는... ,현생살이,blog.naver.com/makaronn,20250329
"010PAY 우리카드 혜택, 로또 개념 카드",https://blog.naver.com/papers/223752746887,"&quot; 신용카드 + 복권 &quot; 이런 신용카드가 나왔다. 010PAY 우리카드 010pay 와 우리카드가 협업해서 만든 카드입니다. 대표적 혜택 2가지 혜택은 2가지로 말할 수 있겠습니다 첫번째, 1만원 결제할 때마다 &quot;로또... ",과학&수학 과수원,blog.naver.com/papers,20250208
우리카드 개인사업자(신용대출) 조건 한도 금리 신청방법... ,https://goyangcity.tistory.com/1821,우리카드 개인사업자를 위한 신용대출 상품은 사업 운영에 필요한 자금을 유연하게 지원하는 금융... 아래에서 우리카드 개인사업자 신용대출의 주요 특징과 내용을 자세히 살펴보겠습니다. 우리카드... ,야옹이마을,https://goyangcity.tistory.com/,20250403
우리카드 장기대출 신청조건 절차 한도 기간 요약,https://xiaoli.tistory.com/660,우리카드 장기대출은 개인이나 기업이 필요한 자금을 장기간에 걸쳐 상환할 수 있도록 지원하는 금융... 본 글에서는 우리카드 장기대출의 신청조건과 절차에 대해 자세히 설명하겠습니다. 우리카드 장기대출... ,샤오리,https://xiaoli.tistory.com/,20240923
2월 카드테크 신용카드 추천 - 우리카드 13만원 캐시백 이벤트... ,https://blog.naver.com/haeyoungdbs/223749528835,"2월 카드테크 신용카드 추천 - 우리카드 13만원 캐시백 이벤트, 신규발급 방법 추가로 우리WON카드 앱 &gt; 마이 &gt; 화면 오른쪽상단 三 &gt; 마케팅 검색 &gt; 혜택정보(마케팅)수신동의 &gt; 전체동의가 되있는지 한번... ",하루 일상,blog.naver.com/haeyoungdbs,20250206
"연회비 없는 혜택 가득, 우리카드 다둥이행복카드",https://blog.naver.com/fregle/223715148779,가족이 많은 분들에게 안성맞춤인 우리카드 다둥이행복카드를 소개합니다. 연회비 없이 다양한 혜택을 누릴 수 있어 가정 경제에 큰 도움이 되는 카드입니다. 레스토랑/커피 아웃백스테이크하우스... ,fregle님의 블로그,blog.naver.com/fregle,20250105
우리카드 고객센터 전화번호 1588 9955 상담원 연결 팁,https://blog.naver.com/knr2070/223815223240,"우리카드 고객센터 전화번호 1588 9955 상담원 연결 팁 카드를 사용하다 보면 고객센터에 전화를 걸어야 하는 순간이 온다. 결제 오류, 분실, 해지 요청, 혹은 단순한 문의라도 전화번호를 모르거나 상담사... ",이코의 글로소득,blog.naver.com/knr2070,20250330
현대카드 설계사 사업자카드 추천 연회비 혜택,https://blog.naver.com/yuhanle/223826813192,현대카드 설계사 사업자카드 추천 연회비 혜택 현대카드 사업자카드는 자영업을 하시는 분들에게 꾸준히 인기 있는 상품이에요. 특히 실적 기반으로 다양한 혜택을 받을 수 있어서 현대카드 추천 상품으로... ,살림하는엄마 토깽이,blog.naver.com/yuhanle,20250409
현대카드 설계사 M 포인트 사용처 및 사용 방법,https://blog.naver.com/didekgml321/223826425451,현대카드 설계사 M 포인트 사용처 및 사용 방법 안녕하세요 오늘은 최고의 적립과 다양하게 이용... 많은 현대M포인트 제공 때문에 더욱 높은 인기를 누리고 있는데요 오늘 완벽 하게 혜택에 대해 소개... ,희지니맘의 So So 한 일상 ~,blog.naver.com/didekgml321,20250408
현대카드 개인사업자 신용카드 추천 발급 순위 및 혜택 비교,https://blog.naver.com/happy2town/223807846757,현대카드 개인사업자 신용카드 추천 발급 순위 및 혜택 비교 안녕하세요 오늘은 자영업자 분들을 위한 현대카드 사업자카드 전용 혜택 구성에 대해 자세하게 안내 드리겠습니다 사업을 운영하면서 매달... ,지나 가드닝,blog.naver.com/happy2town,20250324
현대카드 설계사 추천 연회비 최대 혜택 소개,https://blog.naver.com/ryushihwa/223787965172,동일한 의미를 가지는 동일한 문체의 문장: 비자나 아멕스 중 하나를 선택하시면 플래티넘 서비스를 이용하실 수 있고 현대카드 사업자카드를 사용하시면 가장 높은 적립률을 누리실 수 있더라구요. 이런... ,『 Prime Time 』,blog.naver.com/ryushihwa,20250307
현대카드 설계사 사업자카드 추천 연회비 이벤트,https://blog.naver.com/wackydal/223778153124,5% 적립 경비 항목에 대해서 10% 적립 인천공항 라운지 및 발렛 각종 혜택과 서비스 마찬 가지로 비자 아멕스 선택 하여 플래티넘 서비스 제공 받을수 있으며 현대카드 사업자카드 쓰시게 되면 가장 높은... ,DalbaM,blog.naver.com/wackydal,20250228
현대카드 개인사업자 신용카드 추천 발급 순위 및 등록 방법,https://blog.naver.com/polosport85/223778006839,실제로 현대카드 사업자카드 다른 것과는 비교 대상이 없다고 할 정도로 자영업자 한테는 이게 가장 좋다고 할수가 있습니다 오늘은 혜택에 대한 완벽한 설명과 함께 신규로 가입 하는 분들을 위해 캐시백... ,츄츄,blog.naver.com/polosport85,20250228
현대카드 설계사 사업자카드 추천 발급 방법,https://blog.naver.com/pixelgram/223795864177,현대카드 설계사 사업자카드 추천 발급 방법 자영업을 운영하는 사람이라면 누구나 한 번쯤 현대 M시리즈를 들어봤을 겁니다 특히 사업용으로 활용하면 혜택이 상당히 좋아서 많은 분들이 사용하고 있죠... ,::: 원더비 셀프스튜디오 :::,blog.naver.com/pixelgram,20250314
현대카드 M 설계사 추천 발급 혜택 소개,https://blog.naver.com/hakifu/223787954182,가족 카드를 만들어도 연회비는 부과되지 않습니다. 두 번째 사업 아이템으로는 현재 쇼핑몰 운영 중인 셀러가 제공하는 현대카드 설계사 신청 서비스가 가장 많은 인기를 얻고 있을겁니다. 해외구매를... ,내 곳간,blog.naver.com/hakifu,20250307
현대카드 설계사 M 포인트 지급 이벤트 혜택,https://blog.naver.com/daelimzzang/223758236029,"현재 발급률 1위를 기록할 정도로 많은 분들에게 사랑받고 있는 카드인데요, 혜택을 살펴보면 기존 현대카드 M과는 차원이 다른 혜택을 제공합니다. 카드를 발급받는 즉시 바우처처럼 사용할 수 있는 50만... ",그거 아세요?,blog.naver.com/daelimzzang,20250212
현대카드 설계사 사업자카드 연회비 최대 이벤트,https://blog.naver.com/skygarden37/223812760594,5% 기본 적립 ✓ 사업 경비 항목 10% 특별 적립 (업계 최고 수준) ✓ 인천공항 라운지 무료 이용 + 발렛파킹 서비스 ✓ 비자/아멕스 플래티넘 등급 혜택 동시 제공 ※ 현대카드 사업자카드 중 최고 적립률 보장... ,하늘뜰,blog.naver.com/skygarden37,20250328
kb 국민카드 설계사 다담 발급 캐시백 이벤트 추천,https://blog.naver.com/polosport85/223785094776,kb 국민카드 설계사 다담 발급 캐시백 이벤트 추천 안녕하세요 20대 30대 40대 직장인 이라면 누구나... 오늘은 국민카드 설계사 직접 뽑은 인기 best 소개 해드리려 하는데 우선 다담 부터 안내 해드리면서 그 외... ,츄츄,blog.naver.com/polosport85,20250305
kb 국민카드 설계사 다담 발급 혜택 추천 이유,https://blog.naver.com/nomnice1/223802045452,kb 국민카드 설계사 다담 발급 혜택 추천 이유 안녕하세요~ 직장인이라면 대부분의 분들이... 오늘은 국민카드 설계사분들이 직접 뽑은 인기 있는 BEST 종류를 알려드리려고 하는데요. 먼저 다담을 소개해... ,생각하라 그리고 성공해라,blog.naver.com/nomnice1,20250319
"(그랜드 워커힐 서울, KB국민카드 마스터카드, 무료 발렛파킹)",https://blog.naver.com/kbcheckcard/223825073191,"KB국민카드 마스터카드 플래티늄 등급 카드도 무료 발렛파킹 서비스를 시용할 수 있으니, 정확한 카드 등급에 따른 KB국민카드 무료 발렛파킹 혜택 내역은 내역은 KB Pay 앱 내 VIP라운지 메뉴를 확인해... ",KB국민카드 블로그,blog.naver.com/kbcheckcard,20250407
kb 국민카드 설계사 뽑은 top 위시올 추천 하는 이유,https://blog.naver.com/trainer_luke/223805095271,kb 국민카드 설계사 뽑은 top 위시올 추천 하는 이유 안녕하세요 오늘은 전월 실적을 굳이 채우지 않아도... 오늘 국민카드 추천 해드리는 인기 1위인 위시올 입니다 이건 국내는 물론 해외 까지도 전부 사용... ,LTC 골프 퍼포먼스 / 인스타@ltc_performance,blog.naver.com/trainer_luke,20250321
kb 국민카드 설계사 다담 발급 혜택 20대 30대 추천,https://blog.naver.com/moozuknet/223812651204,"kb 국민카드 설계사 다담 발급 혜택 20대 30대 추천 신용카드를 선택할 때, 단순히 혜택이 좋아 보인다고... 어떤 카드가 나에게 가장 유용한지 고민이 된다면 국민카드 설계사를 통해 상담을 받아보는 것도 좋은... ",무적쥔장's Blog,blog.naver.com/moozuknet,20250328
kb 국민카드 설계사 선정 best 위시올 추천 혜택 보기,https://blog.naver.com/ash8209/223819758815,kb 국민카드 설계사 선정 best 위시올 추천 혜택 보기 대부분 신용카드는 전월 실적을 채워야 다음 달 할인 혜택을 받을 수 있습니다. 하지만 이번에 소개할 국민카드 추천 상품은 전월 실적을 굳이 채우지 않아도... ,Wasser!!?,blog.naver.com/ash8209,20250403
KB 국민카드 설계사 이벤트 굿데이올림 캐시백 최대로,https://blog.naver.com/wackydal/223785181192,KB 국민카드 설계사 이벤트 굿데이올림 캐시백 최대로 안녕하세요 할인형 에서 최고라 불리고 있는게... 좋고 국민카드 설계사 특히 뽑는 이유가 할인 금액이 매우 높다는점 때문 인데요 각각 업종 마다 할인... ,DalbaM,blog.naver.com/wackydal,20250306
KB 국민카드 설계사 굿데이올림 추천 하는 이유,https://blog.naver.com/kcah/223728328073,KB 국민카드 설계사 굿데이올림 추천 하는 이유 안녕하세요 생활비로 쓰기 가장 좋은 것 직장인들이... 입니다 KB국민 굿데이올림카드와 견줄 정도로 높은 발급률을 자랑 하고 있는 적립형 상품 입니다 장점... ,길라잡이 kcah님의 블로그,blog.naver.com/kcah,20250117
kb 국민카드 추천 가온올림 실속형 발급 이벤트,https://blog.naver.com/didekgml321/223817794214,kb 국민카드 추천 가온올림 실속형 발급 이벤트 안녕하세요 오늘은 무실적카드의 최고로 뽑히는게... 많은 국민카드 추천 해드려 볼께요 이거 한장만 있다면 언제든 어디서 결제를 하던 상관 없이 전부 포인트... ,희지니맘의 So So 한 일상 ~,blog.naver.com/didekgml321,20250401
kb 국민카드 할인 설계사 발급 신규 혜택 제공 체크,https://blog.naver.com/kiara74/223755336890,체크 kb 국민카드 할인 설계사 발급 신규 혜택 제공 체크 안녕하세요! 오늘은 발급이 수월하고 혜택이 뛰어나 많은 분들에게 사랑받는 국민카드 top3를 소개해드리려고 해요. 국민카드의 다양한 혜택을... ,무언가를 시작할 때,blog.naver.com/kiara74,20250211
