title,link,description,cafename,cafeurl
신복위 성실상환자 하나카드,http://cafe.naver.com/ccrs5500/619705,"이카드에대해 궁금한점이 많은 모양인데 요약정리하자면 신복위 채무조정(하나카드채무액 카드대금, 카드론, 현금서비스 ) , 수정, 완제하신분들은 일단 이카드 발급이 안되세요 즉 신복위를통해서 하나카드연체내역이나... ",신용회복위원회 공식카페,https://cafe.naver.com/ccrs5500
하나카드 묻발 완료 !!!,http://cafe.naver.com/anycard/1498079,"하나카드로 넘어가서 심사도 안되고, 토스에서 바로 발급기준에 안맞다고 뜨더라구요? 그래서 하나카드 앱에서 확인해보니까 혹시몰라 하나카드 앱에서 다시 신청했습니다. 술술 넘어가고 상담톡이와서 발급신청... ",신용카드 박물관,https://cafe.naver.com/anycard
하나카드 현금서비스 해결 감사합니다,http://cafe.naver.com/getampedsolo/142816,하나카드 현금서비스 받아 사용하면서 다른 방법으로 자금 마련하는 게 힘들었어요 그래서 또 이용하고... 드디어 하나카드 현금서비스에서 벗어나게 됐네요 혼자 알아볼 때는 도무지 어떻게 해야 할지 몰랐어요 이렇다할... ,[채무스토리] 햇살론/직장인/사업자/주...,https://cafe.naver.com/getampedsolo
하나카드 연체시 체크카드 사용불가에 관해서 질문 드립니다.,http://cafe.naver.com/ccrs5500/615779,"하나카드에서 문자가 왔는데 연체시 체크카드도 안된다고 왔네요. 토스뱅크가 하나카드랑 연관이 있나요? 하나카드 신복위에 넣으니까 토스 교통기능은 막혔던데 체크카드 기능은 그동안 사용했었는데, 이젠 체크카드... ",신용회복위원회 공식카페,https://cafe.naver.com/ccrs5500
하나카드신용대출 금리 괜찮은 편인가요?,http://cafe.naver.com/tevez0/123699,"하나카드를 주로 이용하고 있는 데, 자금사정이 좋지않아 하나카드신용대출을 통해 돈을 조금 빌려보려고 합니다. 하나카드신용대출 금리가 은행 신용대출금리와 비교해서 괜찮은 편인 지 알고 싶은 데, 혼자서 알아볼... ",[금융스터디]대출/채무관리/신용관리/...,https://cafe.naver.com/tevez0
하나카드 JADE Prime 카드 추천,http://cafe.naver.com/directwedding/7484757,바로바로 하나카드의 “JADE Prime(제이드 프라임)” 신용카드 입니다ㅎㅎ 연회비는 국내 29만5천원/해외... 분들은 하나카드의 “JADE Prime(제이드 프라임)” 신용카드도 후보군에 넣어보시길 추천드립니다~~ 일반... ,다이렉트 결혼준비,https://cafe.naver.com/directwedding
ㅅㅅㄱ 그랑쿠론 하나카드 할인,http://cafe.naver.com/whiskycognac/696547,com/whiskycognac/569497 ■RFID 미부착 위스키 판매 ■한글 라벨 미부착 위스키 판매 ■개인 위스키 매입 및 재판매 ■면세 위스키 매입 및 재판매 ■해외 구입 위스키 매입 및 재판매 면포안먹이고 하나카드 7.5만... ,위스키 코냑 클럽,https://cafe.naver.com/whiskycognac
하나카드 트래블카드,http://cafe.naver.com/zzop/3171479,이번에 알아보니 하나카드 유니온페이카드로 현금인출을 하시더라구요 그래서 저도 한번 발급 받아볼까 하는데 혹시 위에 두개 카드가 차이가 있나요? 왼쪽거만 발급받아볼까 했는데 옆에 거도 같이 발급 받으실거냐고... ,"나트랑도깨비-베트남나트랑자유여행,무...",https://cafe.naver.com/zzop
하나카드 트래블고-캐시백이벤트(스벅/맥날/교통),http://cafe.naver.com/checkincafe/123223,"이제 다들 아시겠지만, 하나카드-트래블고 카드 이용자 대상으로 꽤나 혜자로운 이벤트를 진행 중에 있습니다. 이벤트 내용은 아래와 같고, 모든 이벤트가 그러하듯 신청 필수 입니다. 그리하여 저도 호기롭게... ",[어디든 체크인] 전 세계 호텔 정보 N...,https://cafe.naver.com/checkincafe
하나카드 the Mile 단종 &amp; 이벤트,http://cafe.naver.com/loyaltylife/227778,"하나카드 신세계 the Mile이 2월 말일 부로 발급 중단됩니다. 현재 신규/무실적 대상 신세계상품권 7만원 증정 이벤트 중 인데, 필요하신분은 참고하시어 발급 하시면 될 것 같습니다. 신세계 이용이 필수에 금액허들이... ",[뉴스사사] 뉴스사사 스마트 컨슈머들...,https://cafe.naver.com/loyaltylife
결혼준비카드 하나카드(원더카드 FREE+) 발급 후기,http://cafe.naver.com/directwedding/7562014,"하나 원더카드 FREE+ 연회비 19,900원(기본연회비:12,000원/제휴연회비:7,900원) 연회비가 제휴랑 합쳐져서 2만원정도면 평소 쓰던거보다 조금 더 비싼 편이라 괜찮을까 했는데 주요혜택으로 국내외 모든 결제시에 0.7% 청구... ",다이렉트 결혼준비,https://cafe.naver.com/directwedding
원더카드 사용하려고 공부했어요. ㅋㅋㅋ,http://cafe.naver.com/postmore/13856,원더카드 혜택 등등 사용법을 알고 싶었는데 말입니다. 네이버 서치 후에도 쉽게 이해가 안 되는 아줌마는 홈페이지에 있는 사용설명서를 출력했습니다. 확실히 스마트폰으로 검색하는 것보단 종이에 써 있는 게 읽기... ,꿀 통,https://cafe.naver.com/postmore
혹시 하나 원더카드 있으신 분 롯데월드 할인 받으세요,http://cafe.naver.com/imsanbu/74582682,하나 원더카드가 다른 카드들 보다 혜택이 좋아서 사용하고 있는데요 이번에 보니까 롯데월드도 할인 많이 해주고 있네요 31일까지 본인 최대 47% 동반 1인도 최대 42% 할인되고요 오늘 단 하루는... ,맘스홀릭 베이비 (340만 엄마들의 임신...,https://cafe.naver.com/imsanbu
여러분은 진급 이후 원더쇼 하코들 중 카드들이 최고인 하코는 무엇이라고 생각하나요?,http://cafe.naver.com/pjsekai/636341,이후 원더쇼 하코 카드들 중 최고라고 생각해요 우주 모험이라는 멋진 컨셉을 알록달록하고 화려하게 표현한 점이 좋았고 또 이런 알록달록하고 화려한 면이 진급 이후 원더쇼 하코 카드들 중에서 원더쇼다움이 제일 크게... ,프로젝트 세카이 컬러풀 스테이지! fe...,https://cafe.naver.com/pjsekai
하나 원더카드 있으면 롯데월드 반값에 갈 수 있네요,http://cafe.naver.com/15668981/4530145,하나 원더카드 혜택 맘에 들어서 쓰고 있는데 롯데월드 할인 많이 해주네요 3월 31일까지 본인 최대 47% 할인에 동반 1인도 최대 42%까지 할인해주는데 11일은 하나데이라 카드소지자는 50% 할인해준다고... ,"임산부모여라 알럽맘-임신,출산,육아,...",https://cafe.naver.com/15668981
하나 원더카드 있으면 롯데월드 반값 할인 받으세요,http://cafe.naver.com/1msanbu/3142862,"하나 원더카드 혜택 좋아서 잘 쓰고 있는데 이번달에 롯데월드 할인도 많이 되네요 이번달 31일까지 본인 최대 47% 할인, 동반 1인은 최대 42% 까지 할인인데 11일은 하나데이라서 카드 소지자는 최대 50... ","지후맘-임신, 출산, 육아정보, 체험단...",https://cafe.naver.com/1msanbu
하나 원더카드 있으면 롯데월드 반값에 다녀오세요ㅎㅎ,http://cafe.naver.com/imsanbu/74537748,하나 원더카드 혜택이 맘에 들어서 주카드로 쓰고 있는데요 롯데월드 할인 많이 해주고 있더라구요! 3월 31일까지 본인은 최대 47% 할인에 동반 1인은 42% 할인이구요 3월 11일은 하나데이라서 카드... ,맘스홀릭 베이비 (340만 엄마들의 임신...,https://cafe.naver.com/imsanbu
하나pay] 원더카드 100만 하나머니 백만원 더 드림 이벤트,http://cafe.naver.com/engmstudy/2908525,"참여 방법 → 원더카드 소지 손님 원더카드 1회 결제, 응모하기 누르기 (순서 바껴도 상관없음) 2. 참여혜택/ 당첨인원 → 3. 세부정보 → 4. 링크 및 사진 → https://m.hanacard.co.kr/MKLANDINGWM.web?url... ",● 짠돌이카페 ● 짠돌이부자되기(재테...,https://cafe.naver.com/engmstudy
이번달에 롯데월드 가실분들 하나 원더카드 가져가세요,http://cafe.naver.com/remonterrace/33380913,"이번달에 롯데월드 가실 분들은 꼭 하나 원더카드 가져가세요! 왜냐면 3월 31일까지 본인 47% 할인, 동반 1인은 42% 할인 받을 수 있다네요 게다가 3월 11일은 하나데이라서 카드 소지자는 50%까지 할인... ","레몬테라스 [인테리어,리폼,DIY,요리,...",https://cafe.naver.com/remonterrace
하나 원더카드 있으면 롯데월드 반값에 다녀오세요,http://cafe.naver.com/miznett/4521358,하나 원더카드 주로 사용 중인데 이번달에 롯데월드 할인 많이되서 공유해요! 3월 31일까지 본인 최대 47% 할인에 동반 1인은 최대 42% 할인이고 3월 11일 단 하루는 하나데이라서 카드 소지자는 50% 까지... ,미즈넷-임신 육아 임산부 교육 뷰티 아...,https://cafe.naver.com/miznett
하나 제이드 카드 발급받았어요,http://cafe.naver.com/happyibook/5351646,다낭 준비하며 카드 발급만 몇 개째 인지 모르겠습니다 ㅎ 고민 끝에 여행 일주일도 안남기고 라운지용 카드 하나 더 발급했습니다 하나 제이드 클래식 카드 발급했어요 연회비 12만원이지만 발급 첫달은 실적 무관 본인... ,"다낭 도깨비 - 베트남 다낭자유여행 ,...",https://cafe.naver.com/happyibook
인천공항 라운지 이용할때 제이드카드 실물카드가 있어야 하나요?,http://cafe.naver.com/minecraftpe/3563329,다음주 여행 예정인데 발렛이랑 라운지 무료카드가 하나도 없는걸 뒤늦게 알아버려서 찾아보다가 제이드카드가 당월 실적이 없어도 이용가능하다길래 만들었거든요. 근데 아직 실물카드는 배송 전이라 출발전까지 못 받을... ,푸꾸옥 고스트 - 베트남푸꾸옥 자유여...,https://cafe.naver.com/minecraftpe
"공항라운지 1일 3회, 가족까지 가능한 하나카드제이드 입니당^^",http://cafe.naver.com/mindy7857/4179862,"이제는 성장한 아이들과 함께 라운지를 이용하고자 알아보던 중, 실제로 공항라운지권을 발급받기까지 성공한 하나카드 제이드 카드를 알려드립니당^^ 저는 아이가 3명이라, 제이드 카드 발급으로 3명을 확보!! 한명은... ","베나자-베트남나트랑자유여행,달랏,무...",https://cafe.naver.com/mindy7857
하나 제이드 카드 해지하실 땐,http://cafe.naver.com/loyaltylife/229269,보통 다른 카드사에서 해지할 때 1년 되는 달의 결제일 오기 전에 해지하면 별다른 문제 없었는데 하나 제이드 카드는 결제일 전에 카드 해지 했는데도 3월에 연회비가 청구되네요. 2월 청구요금은 납부하고 다 끝났는데... ,[뉴스사사] 뉴스사사 스마트 컨슈머들...,https://cafe.naver.com/loyaltylife
혹시 제이드카드 발급받을 수 있는 방법이 없을까요...,http://cafe.naver.com/anycard/1496651,"여행때 라운지 이용 때문에, 하나 제이드카드 발급받고 싶은데.. 심사 들어가면 내부기준에 따라 심사가 중단되었다고 나와요 ㅠ.ㅠ 항상 심사는 들어가는데.. 중간에 중단됐다고 되네요 ㅠ.ㅠ 4대보험 10년 넘게 내고... ",신용카드 박물관,https://cafe.naver.com/anycard
하나제이드카드 실적문의요.,http://cafe.naver.com/mindy7857/4228845,하나 제이드카드 만들어서 지난주 라운지이용 잘하고 왔습니다. 그런데 50만원 사용하고.바우처 10 받는 혜택은 어느시점으로 50만원을 사용해야하나요? 카드발급은.3월.중순에 .받았에요,"베나자-베트남나트랑자유여행,달랏,무...",https://cafe.naver.com/mindy7857
하나카드 제이드 라운지 이용 3인 성공과 더 라운지 앱 안내~,http://cafe.naver.com/zzop/3125223,"일전에 하나카드 제이드에 관해 라운지 이용방법에 대해 공부하고 공유해드렸습니다~(아래 주소 남겨용) 그리고 자동차 보험료로 한방에 실적 해결하고, 상품권을 받고....... 더 라운지 앱을 다운받고, 카드를... ","나트랑도깨비-베트남나트랑자유여행,무...",https://cafe.naver.com/zzop
제이드카드 발렛파킹 아시는분~,http://cafe.naver.com/mindy7857/4241379,오늘 제이드카드 수령했어요 담주 출발이라 공항 발렛파킹 맡기려는데 주차는 장기주차창에 해주나요? 4박6일인데 1일 9천원이 맞는지 아시는분 계실까요?,"베나자-베트남나트랑자유여행,달랏,무...",https://cafe.naver.com/mindy7857
제이드카드 아세요^^,http://cafe.naver.com/zzop/3153050,카페에서 라운지카드 조회하다가 제이드카드 신청해서 오늘도착했어요 연회비가 고민이여서 생각하다가 10만원바우처받고 차액이 2만원 하지만 라운지 3인까지 되니깐(엄마는 체크카드 안될꺼같아서) 그래서 받아서... ,"나트랑도깨비-베트남나트랑자유여행,무...",https://cafe.naver.com/zzop
하나 제이드 카드 발급 원해요~,http://cafe.naver.com/remonterrace/33506148,하나 제이드 카드 신규로 급하게 발급을 하고 싶은데 어디서 해야 혜택이 좋을까요? 혜택 잘해주시는 영사님 소개도 좋아요.,"레몬테라스 [인테리어,리폼,DIY,요리,...",https://cafe.naver.com/remonterrace
23. 트래블로그 카드 미리 동 환전했어요,http://cafe.naver.com/zzop/3180168,원래 쓰고 있던 하나머니 트래블로그 마스터카드에서 나트랑 여행에서는 유니온페이 로고가 있는 트래블로그 카드가 더 유용하다고 하여 트래블로그 유니온페이로 발급 받았어요 ! 어제 동 환율이 좀 낮아져서... ,"나트랑도깨비-베트남나트랑자유여행,무...",https://cafe.naver.com/zzop
트래블로그 카드 발급받은 이유,http://cafe.naver.com/momsolleh/770022,트래블월렛과 수수료없는 트래블 신용카드 있어서 굳이 카드 추가하고싶지않았는데 카카오페이에서 라이언 그려진 트래블로그 카드가 눈에 띄어서 그냥 아묻따 발급받았습니다. ㅋㅋㅋ 트래블로그 가보니 이 디자인이... ,"체크인유럽#유럽여행,스위스,스페인,이...",https://cafe.naver.com/momsolleh
퀸즐랜드주 트래블로그 교통카드,http://cafe.naver.com/mumumhoju/324023,브리즈번 인아웃이고 브리즈번-골코-멜번-브리즈번 예정인데 얼마전 카페글 보다보니 브리즈번 골코도 이제 트래블로그로 대중교통 탈 수 있다고 본 것 같아서요. 최근 다녀오신 분들 중 고카드 안사고 트래블로그로... ,머뭄 호주여행 & 뉴질랜드 여행,https://cafe.naver.com/mumumhoju
트래블로그 ㅡ 세븐 atm,http://cafe.naver.com/jpnstory/3934163,트래블로그 카드를 민들었는데 트래블로그 카드는 세븐 atm 에서 출금 가능하다는데. 모든 세븐편의점에 atm 기계 있는건가요? 토요코인 하카타 에키터미널 마에가 숙소라 앞에 세븐일레븐 있던데 거기서 츨금... ,네일동 : 일본여행카페,https://cafe.naver.com/jpnstory
트래블로그 카드 좀 알려주세요,http://cafe.naver.com/foreverhk/1346656,"트래블로그 카드를 만들었는데, 마스터카드.유니온페이 카드가있어요. 근데 트래블로그GO!카드도 만들어야하나요? 두개의 조합으로 만들면 좋다고 나와서.. ㅜㅜ 일단 트래블로그 유니온페이도 교통카드(공항버스.열차)... ",〓▷▶포에버 홍콩◀◁〓/〓▷▶포에버...,https://cafe.naver.com/foreverhk
공항에서 트래블로그 인출하는 부분이요!,http://cafe.naver.com/minecraftpe/3567506,카카오에서 트래블로그 체크(마스터) 하나카드 트래블로그(유니온페이) 두개 발급받았는데요! 하나머니앱에 따로 금액 충전안해도 출금할때 자동으로 연결해둔 계좌에서 빠져나가는게 맞는건가용???,푸꾸옥 고스트 - 베트남푸꾸옥 자유여...,https://cafe.naver.com/minecraftpe
트래블로그 결제,http://cafe.naver.com/bananawork/85586,"점점 엔화가 오르고있어서 미리 환전해뒀던 엔화로 가구를 구매하고싶은데, 라쿠텐, 이케아, 아마존, 니토리 이 중에 트래블로그로 결제 가능한곳이 있을까요?ㅜㅜ 아직 입주 전이고 번호도 없습니다ㅠ",바나나워홀의 워홀 카페 [일본 워킹홀...,https://cafe.naver.com/bananawork
하나 트래블로그 카드 비추 ㅜ,http://cafe.naver.com/singaporelove/450640,전 트래블로그 남편은 쏠트래블 카드 발급받아왔는데 트래블로그는 mrt 환승 안될 때 있다고 봤는데.. 뿐만 아니라 결제도 오락가락합니다. 하나 트래블로그 카드 있으신 분은 다른 것도 발급받아 가세요!! 래플즈 시티... ,[싱사]싱가폴 사랑 - 싱가포르 대표 카...,https://cafe.naver.com/singaporelove
198. 냐쨩 3월 재방 여행) 트래블로그 카드 ATM 인출 방법 및 이용 후기,http://cafe.naver.com/mindy7857/4249525,트래블로그 출시 이후로 해외 여행 시 매번 이용합니다. 너무 편하잖아요^^ 이번 나트랑 여행에도... # 그리고 나트랑 트래블로그 ATM 정보관련 내용은 이 게시글 보시면 됩니다.^^ https://cafe.naver.com/mindy7857/3480923,"베나자-베트남나트랑자유여행,달랏,무...",https://cafe.naver.com/mindy7857
트래블로그와 트래블월렛 사용방법 알려드려요.,http://cafe.naver.com/multiroader/761020,트래블로그와 트래블월렛 사용방법을 잘 모르시고 어려워하시는 분들이 계시는것 같아서 제가 아는한에서 알려드리려고 합니다. 링깃을 기준으로 트래블 월렛으로 환전시 환율우대 90% 트래블 로그로 환전... ,하이말레이시아 l 코타키나발루 자유여...,https://cafe.naver.com/multiroader
트레블로그카드 질문있어요~~!!,http://cafe.naver.com/jpnstory/3934001,제가 트레블로그카드를 만들어서 환전을 조금해놨는데요 친구들이랑 여행가기로해서(제가돈관리) 그카드는 따로쓰려고 카페 트레블로그를 또 만들었어요 그런데 하나머니앱들어가면 카드가 두개나오긴하는데 계좌는... ,네일동 : 일본여행카페,https://cafe.naver.com/jpnstory
트레블로그 트레블월렛 기타큐슈 고쿠라역 숙소,http://cafe.naver.com/jpnstory/3936142,혹시 기타큐슈 jr쿠슈 스테이션 고쿠라 숙소 잡으셨던분들 트레블로그랑 원렛중에 뭐가편하셨어요? 인출 같은거 생각하면 뭐가 좋을까요? 트레블월렛은 몇년전에 발급받은게 어딘가있는데 트레블로그는 없어요 여행... ,네일동 : 일본여행카페,https://cafe.naver.com/jpnstory
하나 트레블로그 궁금한점,http://cafe.naver.com/minecraftpe/3561422,트레블로그 체크 카드랑 신용카드 신청하구 방금 체크카드 수령했는데 .. 다른분들 처럼 유니온페이 마크가 제가 받은건 왜 없는걸까요? 하나 앱 들어가서 보니 신청은 유니온페이 마크 있는 체크 카드로 한건 맞는데 ㅜㅜ... ,푸꾸옥 고스트 - 베트남푸꾸옥 자유여...,https://cafe.naver.com/minecraftpe
미국 현지에서 트레블로그 체크카드 사용 관련 질문드립니다.,http://cafe.naver.com/nyctourdesign/1086519,"하나카드 트레블로그 체크카드 있는데, 금액만 충전해 놓으면 미국 현지에서도 한국에서 쓰는 체크카드처럼 결제하는데 어려움이 없을까요? 2. 트레블로그 체크카드로 아무 atm기계에서나 출금이 가능한가요?? 3. 2명이서... ","[미여디]No.1 뉴욕,LA,하와이,라스베가...",https://cafe.naver.com/nyctourdesign
트레블로그가 없어도ATM 기계서 인출가능해요~,http://cafe.naver.com/happyibook/5361935,저는 트레블로그만 갖고 여행을 다녀요(다들 두개이상 챙기라는게 이유가 있더라고요) 지난달 일본여행중 트레블로그카드를 분실해서.. 저의 엔화가 거기에 다~들어 있어서 너무 당황했어요 T 일단 하나머니앱에서... ,"다낭 도깨비 - 베트남 다낭자유여행 ,...",https://cafe.naver.com/happyibook
트레블로그 유니온페이,http://cafe.naver.com/zzop/3184270,트레블로그 마스터만 있는데 유니온페이가 무료 출금이 가능하다고해서 혹시 몰라 신청했어요 !! 이제 가는날이 한달도 안남았는데 베트남은 처음이라 설레이는거같아요! ㅎㅎ,"나트랑도깨비-베트남나트랑자유여행,무...",https://cafe.naver.com/zzop
트레블로그 카드,http://cafe.naver.com/foreverhk/1347394,트레블로그 카드 버스 지하철 트렘 페리 등 교통수단 사용 가능한가요?,〓▷▶포에버 홍콩◀◁〓/〓▷▶포에버...,https://cafe.naver.com/foreverhk
트레블로그 카드로 이스탄불에서 교통카드로 사용 가능할까요?,http://cafe.naver.com/card1004/196769,"부모님 2분이서만 터키여행을 가셔서 넘 걱정이 많이 되네요 ㅠ 혹시 트레블로그 카드로 이스탄불에서 트램,페리탈때 사용이 가능할까요?. 또한 트레블로그 카드 1개로 2인 트렘도 결제가 가능한지 궁금해요. 감사합니다.","[지바고] 터키★그리스★이집트여행, ...",https://cafe.naver.com/card1004
트레블로그 유니온페이 atm출금 가능?,http://cafe.naver.com/worldtravelcafe/967551,예전에 엔화가 쌌을 때 미리 엔화를 트레블로그에 충전해 놨었는데 지금 보니 유니온페이네요 ㅠㅠ 글 읽어 보니 유니온페이는 일본에서 사용하기 굉장히 어렵다고 ㅠㅠ 그래서 atm기에서 현금 인출하려고 하는데 이것도... ,[오사카홀릭] & 도쿄홀릭_오사카 여행...,https://cafe.naver.com/worldtravelcafe
트레블로그 카드 이거 전부 일본에서 사용가능인가요?,http://cafe.naver.com/jpnstory/3936924,다음달 다낭도 가게되어서 베트남에서도 사용가능한 트레블로그 카드까지 한번에 수령받았는데… 어떤게... 저는 아이폰이라 애플페이로 지하철카드 충전후 사용할꺼고 부모님은 별도티켓 구매없이 트레블로그... ,네일동 : 일본여행카페,https://cafe.naver.com/jpnstory
결혼준비카드 롯데카드 LOCA LIKIT 1.2로 맞췄습니다,http://cafe.naver.com/directwedding/7544894,카드는 롯데카드였어요. 많은 예비신혼부부의 카드 바로~! 롯데카드 LOCA LIKIT 1.2카드!! 추천이유!! 1. 높은 할인율 제공 국내외 모든 가맹점에서 1.2% 결제일 할인 적용 온라인 결제 시 1.5% 할인 제공 2. 전월 실적 조건... ,다이렉트 결혼준비,https://cafe.naver.com/directwedding
롯데카드 카드론 이자 줄였어요.,http://cafe.naver.com/2realdotcom/116865,롯데카드 카드론 이자가 부담이었어서 혹시나 줄일 수 있는지 문의 드려보았는데요. 노란펜선생님께서 제... 다행히 한도가 크게 잘 나와주어서 롯데카드 카드론 정리할 수 있었어요. 700 정도 사용하여서 갈아타기가 과연... ,무지개-채무통합/아파트론/대환대출/주...,https://cafe.naver.com/2realdotcom
롯데카드 뜬금없는 한도상향,http://cafe.naver.com/anycard/1500242,요즘 국민신용카드/토스체크카드를 많이 쓰다보니 롯데카드를 안쓰게 되고 자동이체 자녀 핸폰요금... 신점도 변화없이 그대로인데 790 -&gt; 940으로 150만원 상향해주네요 당분간 또 롯데카드도 좀 써줘야 겠습니다^^,신용카드 박물관,https://cafe.naver.com/anycard
롯데카드 카드론 정리하니까 속이 후련하네요,http://cafe.naver.com/getampedsolo/142913,롯데카드 카드론을 받을 때는 편하게 잘 받았었는데 상환기간도 짧아서 시간이 지날수록 부담이 됐었고... 더더욱 롯데카드 카드론 정리를 해야겠다 생각은 했지만 당장에 상환할 만한 자금도 없었고 대환 쪽으로... ,[채무스토리] 햇살론/직장인/사업자/주...,https://cafe.naver.com/getampedsolo
결혼 준비할 때 롯데카드의 '롯데백화점 롯데카드' 추천드려요!!,http://cafe.naver.com/directwedding/7529320,좋은 '롯데백화점 롯데카드'를 알게 됐어요! 웨딩마일리지 현대와 롯데중 롯데가 더 혜택이 좋은 것 같아서 롯데카드를 만들고 싶었는데 백화점 쇼핑 당일날 디지로카라는 롯데카드 어플로도 신분증만 있다면 직접 셀프로... ,다이렉트 결혼준비,https://cafe.naver.com/directwedding
롯데카드 캐시백 지급됐어요,http://cafe.naver.com/wjdrkrjqn/89145,"정가거부님 2월 카드 발급 영상 보고 롯데카드 발급 받았었는데 오늘 캐시백 들어왔어요~ 15만원 지급에 1000명 추첨해서 3만원 더 들어온다했는데, 3만원은 못받았어요 ㅠㅠ 신규 1000명 안넘을거라고 생각하신댔는데... ","정가를 거부하는 사람들 (알뜰폰, 절약...",https://cafe.naver.com/wjdrkrjqn
롯데카드 양아치같은 영업,http://cafe.naver.com/sjh95100/218263,실물만 폐기한 사람이 저 뿐이지 않을거 같습니다 정당하게 벌어 먹어야지 ... 정말 양아치같이 장사하네요 롯데카드... 모두 분실 신고 했습니다 롯데카드 이런 양아치같은 장사석에 속지 마십시요 다시 보시길 롯데카드,지프클럽 Jeep club [그랜드체로키L 랭...,https://cafe.naver.com/sjh95100
롯데카드로 온누리 사용시 별도 알림 안됨(상담원 연결),http://cafe.naver.com/loyaltylife/233553,"(엄마가 어떤 알림이 안오는지는 모르겠다고 하셔요) 롯데카드 상담원과 통화해봤는데, 디지털 온누리로... 하십니다…… 롯데카드는 온누리 사용한 지 확인하려면 디지털 온누리 어플에서 사용내역 확인하는 방법 뿐인가... ",[뉴스사사] 뉴스사사 스마트 컨슈머들...,https://cafe.naver.com/loyaltylife
기저귀 바우처 사용했는데 문자가 안와서요!(롯데카드 바우처),http://cafe.naver.com/imsanbu/74476346,롯데카드로 바우처 받았어요! 기저귀 바우처 사용하려고 롯데카드 띵샵에 가서 바우처 사용한다는 체크표시까지 하고 결제를 했는데 카드는 긁혔다고 나오구요! 제 롯데카드 누적금액까지도 나오는데 사회서비스... ,맘스홀릭 베이비 (340만 엄마들의 임신...,https://cafe.naver.com/imsanbu
롯데카드 리볼빙 이젠 안녕! 2금융권 대환대출로 갈아탔어요,http://cafe.naver.com/ahslzh/798362,롯데카드 리볼빙 때문에 정말 골치 아팠었거든요 ㅠㅠ 단기간에 갚기에는 금액이 너무 부담스러워서 결국 2금융권에서 대환대출로 갈아타버렸어요! 후련한 마음에 이렇게 후기를 남겨봅니다 제가 롯데카드 리볼빙을... ,[금융레시피]아파트론/채무통합/여성/...,https://cafe.naver.com/ahslzh
신속채무조정 비씨카드 연체,http://cafe.naver.com/ccrs5500/610789,그중 비씨카드만 연체 이력으로 인한 한도 축소 문자와 어플에 연체 기록이 있더라고요 다른 카드사들은 어플 들어가서 보면 이번달 결제 금액 0원이라 뜨는데 비씨카드는 연체금 포함 이번 달 결제 금액도 떠있구요 신용... ,신용회복위원회 공식카페,https://cafe.naver.com/ccrs5500
비씨카드,http://cafe.naver.com/bigbang2me/1857175,비씨카드 원래 페이북으로 보내 버리는거였나요ㅠ 1000번대로 들어갔는데 결제때메 튕겨버렸어요ㅠ 비씨카드로 결제하신 분 댓글좀 달아쥬세요..,"빅뱅 - 지드래곤, GD, 탑, 태양, 대성...",https://cafe.naver.com/bigbang2me
농수산바우처 카드 비씨카드로 등기로 오나요?,http://cafe.naver.com/cafe1535/1533673,농수산바우처 카드 집으로 배송을 선택했는데 비씨카드로 등기로 오나요?,복지 아는게 힘,https://cafe.naver.com/cafe1535
비씨카드 결제했는데 돈이 안들어와요ㅠㅠㅠ,http://cafe.naver.com/jihosoccer123/3147199,벤사들어가면 언제 입금된다 날짜 떠있는데 비씨카드는 안떠있네요 지금 3주 다되어가는데.. 액수도크고.. 원래 이렇게 늦나요?,아프니까 사장이다 [소상공인·자영업...,https://cafe.naver.com/jihosoccer123
위즈파크 비씨카드 vs 익싸 고민 중인데요.!,http://cafe.naver.com/lionsball/3236821,비씨카드존 (구 지니존)은 카메라에 잡히는 열 위치 익싸이팅은 덕아웃 쪽 뒷 열 위치 응원하는 걸 좋아해서 앞에 테이블 있을 필요 없지만 비씨카드존 가본 적이 없어서 가보고 싶기도 한데요 야구 볼 때 응원 &gt;&gt;&gt;&gt;&gt; 먹기... ,사자 사랑방 (삼성라이온즈 팬 커뮤니...,https://cafe.naver.com/lionsball
카드질문) 농협그린카드 질문있어요(이거 비씨카드네요????),http://cafe.naver.com/noljatravel/1144340,"충전 할 때 쓸거니까 이 카드 발급받고 할인받자~ 는 생각으로 농협그린카드를 발급받았는데 이거 받고보니 비씨카드네요..? 그러면 아래에 농협 무이자 6개월은 못받고, 비씨카드 무이자 4개월만 받을 수 있는거죠? ㅠㅠ 이런",★테슬라 [TKC] 모델S 모델3 모델X 모...,https://cafe.naver.com/noljatravel
"대한항공 | 수협, 제주은행 제휴카드 비씨카드로 편입",http://cafe.naver.com/loyaltylife/236705,"25년 4월 1일부로 수협, 제주은행카드는 비씨카드 배너를 통해 제휴 카드 상품을 확인할 수... - 제휴카드와 관련하여 더 궁금하신 사항은 수협, 제주은행 또는 비씨카드로 문의하시기 바랍니다.... ",[뉴스사사] 뉴스사사 스마트 컨슈머들...,https://cafe.naver.com/loyaltylife
"12일 비씨카드 1열 취켓팅 성공,,,",http://cafe.naver.com/lionsball/3236962,"생애 처음으로 비씨카드 1열을 가게 되네요 ㅋㅋㅋㅋㅋ 원래 금요일에 갈까 했는데,,, 퇴근길 보려고 일부러 스카이만 노렸는데,,, 이렇게 된 이상 뽕을 뽑아야겠어요!! 그나저나 위즈파크도 좀 비싸긴 비싸네요,,, 라팍이... ",사자 사랑방 (삼성라이온즈 팬 커뮤니...,https://cafe.naver.com/lionsball
"대한항공 | 수협, 제주은행 제휴카드 비씨카드로 편입",http://cafe.naver.com/hotellife/1925524,"25년 4월 1일부로 수협, 제주은행카드는 비씨카드 배너를 통해 제휴 카드 상품을 확인할 수... - 제휴카드와 관련하여 더 궁금하신 사항은 수협, 제주은행 또는 비씨카드로 문의하시기 바랍니다.... ",[스사사] 스마트컨슈머들의 호텔/항공...,https://cafe.naver.com/hotellife
[BC카드] 2025년 상반기 비씨카드 신입사원 채용 (~04/18),http://cafe.naver.com/dokkm/3065204,[BC카드] 2025년 상반기 비씨카드 신입사원 채용 (~04/18) ■ 접수기간 : 2025.04.11 (금) ~ 2025.04.18 (금) 17:00 ■ 고용형태 : 인턴/정규직 ■ 모집구분 : Biz/DX ■ 채용 홈페이지 바로가기,"독금사-금융자격증,AFPK,CFP,전산회계...",https://cafe.naver.com/dokkm
삼성카드론대환대출 진행 도와주셔서 감사합니다~,http://cafe.naver.com/kpaddon/129033,삼성카드론대환대출 진행 도와주신 덕분에 이자 많이 줄여볼 수 있었어요. 조건이 가능할까 했는데 문의... 삼성카드론대환대출 진행 도와주셔서 월 납부금도 그렇고 원래 받았던 금리보다 많이 줄여볼 수 있었습니다. 승인... ,[금융사이다]대출/햇살론/새희망홀씨/...,https://cafe.naver.com/kpaddon
삼성카드 추천,http://cafe.naver.com/shootgoal/1275212,삼성카드 들어가 보니 테슬라 전용 카드가 있는게 아니고 일반 삼성 카드 아무거나 발급 받아 구매 하는 거 같던데 맞는지와? 혹시 삼성카드 구매 하신 분들 중 추천 해주실 만한 카드 있으시면 추천 부탁 드립니다.,★테슬라 슈퍼 클럽 - 모델Y 주니퍼 모...,https://cafe.naver.com/shootgoal
삼성카드 단기대출 금리 많이 줄였어요.,http://cafe.naver.com/2realdotcom/116639,삼성카드 단기대출 금리가 부담이었는데요. 이번에 파란펜선생님 도움으로 많이 줄였습니다. 월 납부금도 그렇고 이래저래 감당하기가 힘들었는데 이번에 삼성카드 단기대출 상환하여서 속이 다 시원하네요.... ,무지개-채무통합/아파트론/대환대출/주...,https://cafe.naver.com/2realdotcom
모델Y 삼성카드 결제 질문 있습니다!,http://cafe.naver.com/allfm01/1709943,저는 삼성카드 일시불 1.5% 혜택을 받고자 합니다. 궁금한 것은 1. 아무 삼성카드나 가능한가? 2. 계약금 500만원도 삼성카드로 하면 1.5%가 가능한가? 3. 기존에 레퍼럴 코드? 같은거는 주니퍼에 적용이 되는건지 입니다.... ,"전기차동호회 - 현대 아이오닉5 6 9,기...",https://cafe.naver.com/allfm01
삼성카드 쓰시는 회원님들,http://cafe.naver.com/ps3friend/2264091,삼성카드 처음 써보는데요 삼성카드 쓰시는 회원님들 계실까요? 삼성카드 안내 보니까 5만원 이하 결제시에는 따로 결제 알림을 안주고 일일히 앱에 들아가서 이용내역 확인 해야된다는데 맞나요?? 만약에 문자나 카톡으로... ,PS5와 친구들 [PS/PS5/VR/PS4PRO/PRO/...,https://cafe.naver.com/ps3friend
ㅅㄷㅇㅇ 삼성카드 링크 결제 질문,http://cafe.naver.com/sssw/17384594,삼성카드 링크혜택 7퍼 할인이라되있는데 즉시구매 일반결제 삼성카드 눌러서 결제 넘어가면 할인안된금액만 나오는데.. 결제할땐 할인안된 금액으로 결제하는게 이게 맞는건가요? 결제일할인이란게 다음달 카드값... ,"●나이키매니아●에어조던,아디다스,슈...",https://cafe.naver.com/sssw
삼성카드 &amp; MILEAGE PLATINUM(스카이패스) 신용카드 추천드립니다~,http://cafe.naver.com/directwedding/7571515,바로 삼성카드 &amp; 마일리지 카드입니다. 결혼준비를 하면 카드 쓸 일이 정말 많은데요. 결제하는 대부분의... 물론 삼성카드 가맹정 업종 분류 기준에 의해 등록된 가맹점에 한해 적립이 가능하지만! 삼성카드 가맹점은 많은... ,다이렉트 결혼준비,https://cafe.naver.com/directwedding
포코 X6 pro 삼성카드 NFC 등록,http://cafe.naver.com/xst/709368,F3에서는 삼성카드를 설치했더니 &quot;기본 결제앱&quot;에서 선택하여 교통카드로 잘 사용하였습니다. 그럼데 X6 pro에서는 삼성카드를 설치해도 &quot;기본 결제앱(아래이미지)&quot;에 삼성카드 선택이 나오지 않네요. 삼성카드 앱에서... ,"샤오미스토리 - 테크, 가성비, 알뜰폰...",https://cafe.naver.com/xst
"Y 주니퍼 구매방법, 삼성카드 다이렉트 오토 등 문의 헷갈려요",http://cafe.naver.com/noljatravel/1146645,"2,729만원에 대한 [다이렉트 오토 삼성카드할부]가 위에 조건으로 진행되는 건가요? 위에 순서가 맞는지, 잘못된게 있는지 궁금합니다. 이렇게 하면, [다이렉트 오토 삼성카드할부]는 구매시에 자동으로... ",★테슬라 [TKC] 모델S 모델3 모델X 모...,https://cafe.naver.com/noljatravel
삼성카드 분할납부,http://cafe.naver.com/anycard/1502963,안녕하세요~ 얼마전 가전 가구 구매를 하기위해 임시한도 신청 후 부여받은 임시한도로 할부 구매하고 일시불로 긁은것도 부담이 되서 분할납부 신청을 했습니당 방금 삼성카드 어플 들어가서 보니 분할납부를 이용할수... ,신용카드 박물관,https://cafe.naver.com/anycard
애플페이 신한카드 등록 궁금합니다,http://cafe.naver.com/gangmok/1930492,"Q1) 신한카드가 애플페이랑 제휴했다는 건 들었는데, 애플페이 신한카드 등록이 실제로 지금 당장 가능한 건가요? 기사마다 시점이 다 달라서 혼란스럽더라고요. 제 지갑에 있는 신한 Deep Oil 카드로 해보려고 했는데 안... ",강남엄마 VS 목동엄마 ★ 베스트맘 따...,https://cafe.naver.com/gangmok
신한카드 현금서비스 정리하는거 도움 받았어요,http://cafe.naver.com/tevez0/124255,신한카드 현금서비스 과다로 돌려막는것이 한계에 다다라서 방법을 찾아야했어요 이대로는 도저히 안될 것 같았고 신한카드 현금서비스 만큼 한도 나오는 상품이 있다면 바로 선택해서 대환을 하고 싶었습니다 한가지... ,[금융스터디]대출/채무관리/신용관리/...,https://cafe.naver.com/tevez0
신한카드 장기카드대출 중도상환했습니다!,http://cafe.naver.com/2realdotcom/117157,신한카드 장기카드대출 중도상환했습니다!! 애초에 좀 더 신중하게 알아보고 택해야 했는데 돈이 급하단 핑계로ㅠ 올바른 결정을 하지 못했네요; 몇 달.. 신한카드 장기카드대출을 사용해 보니 직접적으로 느껴지는 단점이... ,무지개-채무통합/아파트론/대환대출/주...,https://cafe.naver.com/2realdotcom
신한카드 묻발 후기 및 발급되는 주관적인 생각&amp;팁,http://cafe.naver.com/anycard/1500427,항상 토스&amp;카카오페이 네이버페이에서 한도조회하면 나오던 신한카드가 발급 거부였는데 토스로... 원래 신한카드사에서 모바일 신청을 하면 하루 한번만 신청이 가능하나 토스 전산을 통해 신청하면 두번 신청이... ,신용카드 박물관,https://cafe.naver.com/anycard
교육급여 신한카드 아직...,http://cafe.naver.com/cafe1535/1558878,(경기)/3급지(광역·세종·창원)/4급지(그 외 지역) = - 현재 받고 있는 복지 또는 신청하려는 복지 = ⭐️신한카드로 신청하신분들 여러분 지급 되셨던데 저는 아직...신한카드 신청 하신분들중 아직 안들어 오신분들 계실까요?,복지 아는게 힘,https://cafe.naver.com/cafe1535
신한카드 유니온페이 결제가 안되네요 ㅜ,http://cafe.naver.com/taiwantour/1098317,트래블로그 유니온카드는 결제가 되던데.. 신한카드 어플 들어가도 설정 하는것도 없고.. 혹시 신한카드 대만에서 잘 사용되시나요? ㅜ 원래 편의점이나 mtr에선 결제가 안되는건지 ㅜㅠ 위스키 사야하는데 큰일이네요..,즐거운 대만여행~♬,https://cafe.naver.com/taiwantour
신한카드 아시아나 상품 발급 중단(샤크님 감사^^),http://cafe.naver.com/loyaltylife/237968,신한카드에서 아시아나 상품 발급 중단한다고 하여 샤크님 조언에 따라 얼마전에 발급했어요. 오늘 발급... (조건- 6개월간 신한카드 사용 안 한 사람) 뉴스사사 하죠? 이번달에는 이벤트에서 이 카드는 빠졌더라구요... ,[뉴스사사] 뉴스사사 스마트 컨슈머들...,https://cafe.naver.com/loyaltylife
신한카드,http://cafe.naver.com/ccrs5500/617540,아까 신한카드 채권 양도 한다고. 문자 왓드라고용^ 5월달에 양도한다네용~ 신복위 통해서 조정받고 납부중인데 이제서야 양도하는건 뭔뜻일까용???? 혹시 양도 되고 따로 갚아야 된다던지 압류 신한카드에서 압류 한다던지... ,신용회복위원회 공식카페,https://cafe.naver.com/ccrs5500
뮷즈 x 신한카드 트립패스 출시,http://cafe.naver.com/amateurmagician/59989,외국인 대상으로 트립패스 카드가 박물관재단과 신한카드가 협업하여 선불카드를 제작했습니다 구매는 국립중앙박물관 상품관에서 할 수 있습니다 기쁜소식!! 외국인만 사용가능한게 아닙니다 여권정보가 있으면... ,아트프렌즈 Art Friends 미술관 갤러리...,https://cafe.naver.com/amateurmagician
뮤지컬 지킬앤하이드 신한카드 The Moment 다녀왔어요 ~♡,http://cafe.naver.com/hexenyang/50843,신한카드로 뮤지컬 1+1 아이들 데리고 가려고 4장 구입했는데 본 공연은 14세 이상 (2012년생 포함 이전... 눈도 오더니 또 마칠때쯤은 화창하고~~ 신한카드 the moment 다음엔 위키드일까요? 다음 광고는 위키드 붙어있더라구요,[Loyal Travel Club : LTC]쉬운 호텔/...,https://cafe.naver.com/hexenyang
신한 쏠트래블 세븐ATM,http://cafe.naver.com/okinawago/548503,"쏠트래블 로칼 가서 인출불가했다는 이슈 들으니 신한 쏠트래블 카드만 믿고 환전하려고했는데 급 불안합니다. 이게 여행 가기전에 한국에서 무엇을 확인하고 가야하는지 모르겠고,, 비번이나,,인출테스트 이런거,, 일단... ",오키나와 달인 카페,https://cafe.naver.com/okinawago
"쏠트래블 , 트래블 웰렛 이용방법",http://cafe.naver.com/singaporelove/451065,내일 드디어 출발하는데 쏠트래블이랑 트래블 웰렛 카드를 만들었는데 어떻게 써야하는건지 찾아봐도 잘 모르겠어요 ㅠㅠ 쏠트래블 외환카드에 원화 입금하면 현지에서 바로 인출 사용 가능한건가요? 현금 이체했다... ,[싱사]싱가폴 사랑 - 싱가포르 대표 카...,https://cafe.naver.com/singaporelove
쏠트래블 카드 인천 라운지 무료이용권 관련해서요,http://cafe.naver.com/worldtravelcafe/970756,쏠트래블 카드 인천 라운지 이용 무료건이요~ 전월 실적이 이거 쏠 트래블 카드 실적을 말하는 걸까요? 아니면 연계해놓은 제 계좌 신한 카드 실적을 말하는걸까요?,[오사카홀릭] & 도쿄홀릭_오사카 여행...,https://cafe.naver.com/worldtravelcafe
cu 쏠트래블 할인이 안되여 ㅜㅜ,http://cafe.naver.com/brownu12nn/476670,구매하구 쏠트래블 신한 터치로 결제했는데 왜 할인안될까요 ㅜㅜ? 실물만 되는지 읽어봐도 없어서 ㅜㅜ,소소하지만 확실한 행복.,https://cafe.naver.com/brownu12nn
쏠트래블 환전 이렇게 하면 되나요??,http://cafe.naver.com/happyibook/5324388,"한국에서 달러 환전 후 다낭 도착해서 동으로 환전하는게 제일 추천많이 하는 방법인걸 봤는데요, 1일차에 쓸 돈 일부만 달러 가져가서 한시장에서 환전하고 제가 쏠트래블 카드가 있어서 atm기로 뽑으면 수수료가... ","다낭 도깨비 - 베트남 다낭자유여행 ,...",https://cafe.naver.com/happyibook
오 쏠트래블 환전 들어갔더니 1581이라 냉큼 바꿨어요!,http://cafe.naver.com/momsolleh/770157,새벽에 1581까지 찍고 지금은 1592길래 움 바꿀까 말까 고민중이었는데 쏠트래블 카드 환율 1581인거보고 냉큼 500유로 바꿨습니당ㅋㅋㅋ 다들 쏠트래블 환전 가세요~~~ 한 500유로+현금 더 바꿔야하는데.. 지금 더... ,"체크인유럽#유럽여행,스위스,스페인,이...",https://cafe.naver.com/momsolleh
신한 쏠트래블카드 발급이요!!!,http://cafe.naver.com/doorkong/3509259,이번에 해외여행가는데 신한 쏠트래블 체크카드 발급 받아볼까하는데요. 이거 발급받으면 환전 얼마 안해도 카드로 쉽게 쓸수있을까요? 근데 이거 체크카드인데 왜 연회비가 있는건가요? 혹시 쏠트래블 체크카드 쓰시는분... ,안산 시흥 맘 모여라,https://cafe.naver.com/doorkong
신한 쏠트래블 체크카드 CU할인 있나봐요,http://cafe.naver.com/wjdrkrjqn/89199,신한은행이 해외여행 특화카드인 ‘SOL트래블 체크카드’의 국내 혜택을 늘린다. 31일 신한은행에 따르면 4월 한달간 CU편의점서 쏠트래블 체크카드로 빵과 냉장 디저트류 상품 구입시 최대 80%까지 할인해주는... ,"정가를 거부하는 사람들 (알뜰폰, 절약...",https://cafe.naver.com/wjdrkrjqn
신한 쏠트래블 체크카드 발급 후 준비사항?,http://cafe.naver.com/happyibook/5365424,이제 12일 밤 비행기로 출국인데 쏠 트래블 카드 관련해서 질문이 있습니다 그동안 모아두었던 달러와 유로가 있어서 그거 그대로 가져가서 미케비치에서 환전을 할거고 사용하다 돈이 떨어지면 5만원 짜리로... ,"다낭 도깨비 - 베트남 다낭자유여행 ,...",https://cafe.naver.com/happyibook
쏠트래블 출금 불가,http://cafe.naver.com/foreverhk/1346133,남편명의 쏠트래블카드를 제가 들고 왔는데 어제 종일 결제는 되는데 현금 출금이 안되었어요 ㅜㅜ 문제는 친구들 4명 여행에 제가 총무이고 오늘 제니쿠키를 가야하는데 현금이 없다는거죠ㅜㅜ지금 비자카드와... ,〓▷▶포에버 홍콩◀◁〓/〓▷▶포에버...,https://cafe.naver.com/foreverhk
우리카드리볼빙대환 할 수 있도록 도와주셨어요,http://cafe.naver.com/kpaddon/129091,우리카드리볼빙대환 하기가 쉽지가 않을거라고 생각을 했었는데 다행히 제게도 방법이 있었습니다 어떻게 하면 이미 사용중인걸 정리할 수 있을까 고민을 많이 하고 있던 시점에 애플팀장님께 우리카드리볼빙대환 할 수... ,[금융사이다]대출/햇살론/새희망홀씨/...,https://cafe.naver.com/kpaddon
우리카드 상담원 조선족인지?,http://cafe.naver.com/hotellife/1925334,우리카드는 발급받았다. 해지했다 사용해야 하는건가 하고 적응안되어 카드해지 하고 accor plus 직접가입하려고 우리카드 고객센터와 연락했는데.. 보이스 피싱인줄알았어요. 두번 통화했는데 두번 다 조선족 말투.... ,[스사사] 스마트컨슈머들의 호텔/항공...,https://cafe.naver.com/hotellife
우리카드 금융거래확인서 발급 받아 보신 분 ㅜㅜ,http://cafe.naver.com/jihosoccer123/3247478,안녕하세요 소상공인 대환대출 받을려고 지난주부터 우리카드에 금융거래확인서 신청하고 받았는데 우리카드 금융거래확인서는 아예 “대출용도”칸이 없더라구요 ㅠㅠ 그래서 지금. 은행에 반려당했는데 사업자대출로... ,아프니까 사장이다 [소상공인·자영업...,https://cafe.naver.com/jihosoccer123
우리카드+중올플 플랫후기,http://cafe.naver.com/loyaltylife/231778,"안녕하세요, 어제 여름휴가 호텔 보다가 플랫되는게 더 저렴할듯해서 우리카드+중올플 해서 오늘 플랫 달성했습니다. 하기전에 고민이 많았는데.. 1. 우리카드 아코르 인피니티 25년 1월 해지함. 2. 아코르플러스 유상... ",[뉴스사사] 뉴스사사 스마트 컨슈머들...,https://cafe.naver.com/loyaltylife
우리카드,http://cafe.naver.com/ccrs5500/611211,제가 우리카드 10만원정도 미냡있는데요 오늘 문지 받았는데요 기한의 이익상실 예정통지 이렇게 왔어여... 흑시 법적절차 들어가나요?? 아 흑시 우리카드쪽 미냡되는분들 이거 오시나요? 이런문자요 ㅠㅍ,신용회복위원회 공식카페,https://cafe.naver.com/ccrs5500
우리카드 리볼빙 해지 했어요 감사합니다ㅠㅠ,http://cafe.naver.com/getampedsolo/142759,유하나플래너님께서 우리카드 리볼빙 해지를 할 수 있도록 많은 도움 주셨어요 진짜 사람 하나 살리신... 당장 우리카드 리볼빙 해지를 할 수 있는 환경이 아니었어요 이게 빚을 괜히 지게 되는게 아닌 것 같더라고요 조그만... ,[채무스토리] 햇살론/직장인/사업자/주...,https://cafe.naver.com/getampedsolo
화물복지카드 우리카드 두 가지 있던데 차이점이 뭐죠?,http://cafe.naver.com/truckerking/1104436,"상세보기에서 얼핏 보면 오른쪽 카드가 할인율이 나아보이기도 하는데, 삼성카드는 발급 받았고, 우리카드 하나 추가발급 하려는데 카드의 정석을 많이 쓰시는 것 같더라구요. 차이점 알 필요 없이 카드의 정석이 옳은... ",영운모/화물/화물운송/영업용화물차/화...,https://cafe.naver.com/truckerking
아코르 플러스 우리카드 인피니티로 가입만 해놓은상태인데....,http://cafe.naver.com/checkincafe/123729,"를러스도 우리카드가 아니라 말레이시아를 통해 가입하면 스플2개 제공등 좀더 유리한점이 있긴한데. 어차피 현아플 카드도 없애는 마당에 프리미엄 카드도 필요했어서, 우리카드 주력으로 써서. 내년은 카드 실적으로... ",[어디든 체크인] 전 세계 호텔 정보 N...,https://cafe.naver.com/checkincafe
아코르 플러스 &amp; 우리카드 비교 정리 (2025년 3월 기준) 및 리워드 사용방법,http://cafe.naver.com/singaporelove/451183,"하...) 아코르 플러스 &amp; 우리카드 비교 정리 (2025년 3월 기준) ✔ 아코르 플러스 멤버십 VPN을 통해... ✔ 우리카드 인피니트 연회비 50만 원 숙박권 1장 + 1,400 리워드 포인트 제공 1,400 리워드로 1박 숙박 가능 (세금 포함... ",[싱사]싱가폴 사랑 - 싱가포르 대표 카...,https://cafe.naver.com/singaporelove
우리카드 카드의정석 사용하시는분 계신가요?,http://cafe.naver.com/anycallusershow/4953725,우리카드 사용하면 문자로 얼마사용 오는데 저는 왜 안올까요 신청까지 다 했는데.. 혹시 어떤번호로 문자오는지요.. 우리카드 사용하시는분 !,삼성스마트폰-갤럭시Z플립6/폴드6/갤럭...,https://cafe.naver.com/anycallusershow
현대카드로 국립서양미술관,http://cafe.naver.com/jpnstory/3941961,"현대카드로 국립서양미술관 볼 수 있다네요, 무료로! 저는 그것도 모르고 미리 예매하고 왔는데, 현대카드 있는 분들은 보러 다녀와보세요. 로뎅. 마네. 모네, 르누아르, 피카소 등 다양한 작품 볼 수 있는데, 좋아요.... ",네일동 : 일본여행카페,https://cafe.naver.com/jpnstory
결혼준비카드 현대카드 대한항공카드300,http://cafe.naver.com/directwedding/7540479,"중 현대카드 대한항공카드 300을 발급받게 되었습니다. 사용 후기를 공유하며, 카드 혜택도 함께 정리해볼게요. --- 1. 카드 발급 과정 현대카드는 다른 카드사에 비해 비교적 심사가 빠른 편인데, 저는 온라인으로... ",다이렉트 결혼준비,https://cafe.naver.com/directwedding
현대카드 장기대출 중도 상환해버렸습니다!!,http://cafe.naver.com/kpaddon/129176,현대카드 장기대출 중도 상환해버렸습니다! 급전을 마련해야 하는 상황이라 여러 곳을 비교할 정신이 없기도... 이럴 거면 다른 금융사를 알아보고 갈아타는 게 맞겠다 싶어 현대카드 장기대출 상환방법을 확인해 보기... ,[금융사이다]대출/햇살론/새희망홀씨/...,https://cafe.naver.com/kpaddon
현대카드 장기대출 빌린거 대환으로 정리 다했어요,http://cafe.naver.com/aa37/104625,현대카드 장기대출부터 다른 신용카드 장기대출 이용이 두드러지면서 신용점수하락이 많았어요 이번해... 큰 현대카드 장기대출부터 정리를 할수 있음 좋겠다고 생각하게 되었구요 아무래도 장기대출 단기대출은 좀... ,"&lt;채무맨투맨&gt;대출,아파트론,주부,무직...",https://cafe.naver.com/aa37
Sc제일현대카드 Zero Edition3,http://cafe.naver.com/anycard/1499156,현대카드 기보유자라서 Sc제일은행 신용카드 발급에 . 문제가 없었구여. 기존 신용카드 보유가 많으면... Sc제일은행은 현대카드 전산망 삼성카드 전산망 . 두 곳 다 이용하며 기존의 비씨카드와는 결별했습니다 . 전... ,신용카드 박물관,https://cafe.naver.com/anycard
현대카드 쓰시는분들 어떤 카드 쓰세요?,http://cafe.naver.com/jpnstory/3938982,현대카드 유저분들! 어떤카드 쓰시는지 궁금해요! 전 기본 엠카드(연회비3만원) 쓰고있는데 어차피 카드 많이 쓰는거.. ㅠ 회사 다 정리하고 한두장만 쓰려고요. 현대카드가 포인트적립이 쏠쏠한 너낌이 들어서 선택했는데... ,네일동 : 일본여행카페,https://cafe.naver.com/jpnstory
현대카드 추천,http://cafe.naver.com/orangevrdhj/360989,기존 블루멤버스 현대카드에서 다른 생활비 용도로(현대카드)바꾸고 싶은데 종류가 많아서 어렵네요. 혹시 현대카드 사용중이시면 추천 부탁 드려요. (현대카드 영사님도 추천 받습니다!),천안아산 불당맘 모여라,https://cafe.naver.com/orangevrdhj
빅카메라 현대카드 할인 면세적용,http://cafe.naver.com/whiskycognac/703217,빅카메라 현대카드 즉시할인금액이 면세가 적용되는건가요? 관세청에 전화해보니 현대카드 할인같은경우 누구나 받을수없는 할인이라 할인전금액으로 면세한도적용이된다는데 맞는건가싶네요ㅜㅜ 게시판 이용 주의 사항... ,위스키 코냑 클럽,https://cafe.naver.com/whiskycognac
현대카드 Good Friendship 이 있네요.,http://cafe.naver.com/loyaltylife/234268,현대카드 Good Friendship 멤버쉽 전용 혜택이 있더라고요. 1) 2만원 이상 구매시 30% 할인 ( 최대 7천원 ) 2) 조각케이크 구매시 아메리카노 증정 3) 홀케이크 예약시 20% 할인 ( 최대 9천원 ) 안내에는 현대카드앱... ,[뉴스사사] 뉴스사사 스마트 컨슈머들...,https://cafe.naver.com/loyaltylife
올리브영 현대카드 관련,http://cafe.naver.com/wjdrkrjqn/89551,"이거 올리브영 현대카드로 10만원, 3만원 받고 다음에 현대카드 신규 혜택받으려면 12개월 지나야 할까요? 아니면 결제이력 6개월에만 영향이있을까요 이번달 카카오페이에서 현카 신규발급 대상자보니까 12개월 이내... ","정가를 거부하는 사람들 (알뜰폰, 절약...",https://cafe.naver.com/wjdrkrjqn
kb국민카드장기대출 빌린거 정리했어요,http://cafe.naver.com/kpaddon/128911,kb국민카드장기대출 받은걸 계속 사용하는건 아니라고 판단이 들어서 체리팀장님께 상담을 받고서 정리하는 방향으로 이야기를 나눴습니다 당시에는 상황이 급하다보니까 kb국민카드장기대출을 빌릴 수 밖에... ,[금융사이다]대출/햇살론/새희망홀씨/...,https://cafe.naver.com/kpaddon
경험자분들의 kb국민카드 한도 하향시 대응방안 문의드립니다..,http://cafe.naver.com/anycard/1498128,오늘 아침 뜬금없이 kb 국민카드에서 한도 하향한도는 문자를 받았습니다.. 연체는 7년간 한번도 없었고요.. 카드한도는 현금서비스 100만원포함 80% 정도 사용중에 있었습니다.. 그런데 아래와 같이 50% 이상 한도... ,신용카드 박물관,https://cafe.naver.com/anycard
KB국민카드 일본 여행에서 사용하면 좋겠어요,http://cafe.naver.com/hexenyang/49633,봄에 벚꽃보러 일본여행가실 분들 계시면 KB국민카드 HERITAGE Classic도 미리 챙기세요!! 2월부터 7월까지 캐시백 프로모션을 해서 일본 가맹점에서 쓰면 20% 캐시백으로 돌려받을 수 있어요! 일본 편의점에서 이용해도... ,[Loyal Travel Club : LTC]쉬운 호텔/...,https://cafe.naver.com/hexenyang
KB국민카드중에요,http://cafe.naver.com/worldtravelcafe/953877,제가 일본여행가려고 알아보다 보니까 KB국민카드 중에 헤리티지클래식 할인형? 이게 일본에서 혜택도 좋고 괜찮은거 같은데 이거 사용하시는분 계실까요??,[오사카홀릭] & 도쿄홀릭_오사카 여행...,https://cafe.naver.com/worldtravelcafe
KB국민카드에서 내용증명 우편 오신분들~!,http://cafe.naver.com/ccrs5500/608016,어제 오늘 지방가느라 집을 비웠는데 kb국민카드에서 우편못받아서 스티커붙여놓고갔어요. 보통 등기는 올때 연락오는데 이건 일반우편도아니고 등기도아니고 뭐죠? 내용증명이라 써있어서 놀래가지고 까페들어와보니... ,신용회복위원회 공식카페,https://cafe.naver.com/ccrs5500
KB국민카드 or 삼성카드??,http://cafe.naver.com/usem/2381470,KB국민카드나 삼성카드 중 혜택 좋은거 뭐가 있을까요? 기존에 롯데카드 사용 중인데 80만원 이상 사용해도 아무런 혜택이 없어서 신규로 다른카드 발급해볼까해서요 현금 혜택 많이 주는 카드 영사분 있으면 전화번호... ,『파주 운정맘』파주 운정신도시 사람...,https://cafe.naver.com/usem
KB 국민카드 쓰시는 분들 계신가요?,http://cafe.naver.com/gpfleamarket/3844402,남친이 KB 국민카드에서 무슨 전화를 받은건지 보이스피싱인지 LG전자 가전제품을 준다고 연락을 받았나봐요 근데 카드 값 59800원 씩 200개월 적금 넣으라고 했대요. 그 돈은 돌려준대요. 카드 결제로 적금 넣은건... ,김행나-김포여인들의 행복한 나눔(김포...,https://cafe.naver.com/gpfleamarket
Kb 국민카드 대출 문의드려요,http://cafe.naver.com/anycard/1499202,kb국민 이지신용대출 1600 14프로에 가능하다고 나오는데 찾아보니까 카드론인것 같습니다 혹시 카드론 받으면 점수 많이 떨어지나요?? 금액을 많이 받을수록 더 떨어지는 걸까요?? 지금 점수는 kcb 796 나이스... ,신용카드 박물관,https://cafe.naver.com/anycard
애플페이 국민카드 등록 언제 될까요?,http://cafe.naver.com/gangmok/1930528,"현대카드로 애플페이 쓰다가 KB국민카드 메인으로 넘어온 지 석 달째입니다. 혜택은 확실히 KB 쪽이 더 나아서 바꾸긴 했는데, 막상 실생활에서는 불편함이 너무 커요. 애플페이 국민카드 등록이 되기만 하면 해결될... ",강남엄마 VS 목동엄마 ★ 베스트맘 따...,https://cafe.naver.com/gangmok
사고사였던 KB국민 카드 드디어 발급..ㅎㅎ,http://cafe.naver.com/anycard/1498126,사고사였던 KB국민 카드 드디어 발급 되었습니다 ㅎㅎ 작년 8월달에 카드 발급 신청했을 때 거래정기 관련해서 등록이 되어 있다고 문자를 받아서 그래서 자동으론 해제 일자로 부터 5년 뒤에 자동으로 풀리는데... ,신용카드 박물관,https://cafe.naver.com/anycard
