title,originallink,link,description,pubDate
"하나카드, 'MG+ BLACK 하나카드' 출시",http://www.fnnews.com/news/202504100956337406,https://n.news.naver.com/mnews/article/014/0005333964?sid=101,"하나카드는 지난 8일 MG새마을금고의 프리미엄 상업자표시신용카드(PLCC)인 'MG+ BLACK 하나카드'를 출시했다고 10일 밝혔다. 'MG+ BLACK 하나카드'는 프리미엄 혜택을 선호하는 손님을 위해 해외여행, 쇼핑, 골프... ","Thu, 10 Apr 2025 10:01:00 +0900"
"하나카드, 마이데이터 기반 '재무상태진단표' 서비스 출시",https://www.news1.kr/finance/general-finance/5747378,https://n.news.naver.com/mnews/article/421/0008181743?sid=101,"하나카드는 하나페이 애플리케이션(앱)에 마이데이터 기반으로 개인 재무 상태를 종합 진단해 주는 '재무상태진단표' 서비스를 개시했다고 9일 밝혔다. 이 서비스는 고객의 월간 수입과 지출, 자산과 부채, 생활비, 저축... ","Wed, 09 Apr 2025 09:49:00 +0900"
"[게시판] 하나카드, MG새마을금고 프리미엄 PLCC 출시",https://www.yna.co.kr/view/AKR20250410053600002?input=1195m,https://n.news.naver.com/mnews/article/001/0015321568?sid=101,"▲ 하나카드는 MG새마을금고의 프리미엄 PLCC(상업자표시신용카드)인 'MG+ BLACK 하나카드'를 출시했다고 10일 밝혔다. 이 상품은 ▲해외여행, 쇼핑, 골프, 일상 영역 청구할인 서비스 ▲10만원 상당의 프리미엄 바우처... ","Thu, 10 Apr 2025 09:39:00 +0900"
"하나카드, 'MG+ BLACK' 출시",http://www.newsbrite.net/news/articleView.html?idxno=189410,http://www.newsbrite.net/news/articleView.html?idxno=189410,"하나카드(대표이사 성영수)가 MG새마을금고와 손잡고 프리미엄 상업자표시신용카드(PLCC)인 'MG+ BLACK 하나카드'를 지난 8일 선보였다. 해외여행, 쇼핑, 골프 등 다양한 라이프스타일 영역에서 고급화된 서비스를... ","Thu, 10 Apr 2025 09:56:00 +0900"
'MG+ BLACK 하나카드' 출시…전세계 공항라운지 혜택 등,https://www.newsis.com/view/NISX20250410_0003133673,https://n.news.naver.com/mnews/article/003/0013175100?sid=101,하나카드는 MG새마을금고의 프리미엄 PLCC(상업자표시신용카드)인 'MG+ BLACK 하나카드'를 출시했다고 10일 밝혔다. MG+ BLACK 하나카드는 다양한 프리미엄 라이프스타일 영역에서 10~50% 청구할인 혜택을 제공한다.... ,"Thu, 10 Apr 2025 09:37:00 +0900"
"하나카드, 마이데이터 기반 '재무상태진단표' 서비스 론칭",https://sports.hankooki.com/news/articleView.html?idxno=6894689,https://sports.hankooki.com/news/articleView.html?idxno=6894689,하나카드는 자사의 대표 디지털 금융 플랫폼인 하나페이 앱에 마이데이터를 기반으로 개인의 재무 상태를 종합 진단해주는 '재무상태진단표' 서비스를 론칭했다고 9일 밝혔다. 하나카드 측은 &quot;재무상태진단표는 고객의... ,"Wed, 09 Apr 2025 14:26:00 +0900"
"하나카드, 마이데이터 기반 '재무상태진단표' 서비스 론칭",https://daily.hankooki.com/news/articleView.html?idxno=1201989,https://daily.hankooki.com/news/articleView.html?idxno=1201989,사진=하나카드. 하나카드는 자사의 대표 디지털 금융 플랫폼인 하나페이 앱에 마이데이터를 기반으로 개인의 재무 상태를 종합 진단해주는 '재무상태진단표' 서비스를 론칭했다고 9일 밝혔다. '재무상태진단표'는 고객의... ,"Wed, 09 Apr 2025 15:56:00 +0900"
"하나카드, 마이데이터로 재무상태진단…서비스 론칭",https://view.asiae.co.kr/article/2025040909354981508,https://n.news.naver.com/mnews/article/277/0005575087?sid=101,"하나카드는 하나페이 앱에 마이데이터를 기반으로 개인 재무 상태를 종합 진단하는 '재무상태진단표' 서비스를 론칭했다고 9일 밝혔다. 진단표는 고객의 월간 수입과 지출, 자산과 부채, 생활비, 저축, 보험, 대출, 연금 등... ","Wed, 09 Apr 2025 09:40:00 +0900"
"하나카드, '재무상태진단표' 서비스 론칭",https://www.kpinews.kr/newsView/1065601193506947,https://www.kpinews.kr/newsView/1065601193506947,"하나카드는 하나페이 앱에 마이데이터를 기반으로 개인의 재무 상태를 종합 진단해주는 '재무상태진단표' 서비스를 론칭했다고 9일 밝혔다. ▲ 하나카드, 재무상태진단표 서비스 오픈. [하나카드 제공] 재무상태진단표는... ","Wed, 09 Apr 2025 17:47:00 +0900"
"하나카드, 'MG+ BLACK 하나카드' 출시",http://www.iminju.net/news/articleView.html?idxno=124338,http://www.iminju.net/news/articleView.html?idxno=124338,"민주신문=김혜인 기자｜하나카드는 MG새마을금고와 함께 프리미엄 PLCC인 MG+ BLACK 하나카드를 출시했다고 10일 밝혔다. 카드는 해외여행, 쇼핑, 골프 등 라이프스타일 전반에 걸쳐 청구할인 혜택을 제공한다. 해외... ","Thu, 10 Apr 2025 10:26:00 +0900"
"IFC몰, 본격 봄꽃 축제...원더가든 포토 콘테스트 진행",https://www.dailian.co.kr/news/view/1482671/?sc=Naver,https://n.news.naver.com/mnews/article/119/0002942469?sid=101,원더가든에서 인증샷 촬영 후 현장에 마련된 포토 프린터로 사진을 출력해 직접 사진을 꾸며 포토 콘테스트에 참여할 수 있다. 포토 콘테스트 경품으로 ▲IFC몰 기프트카드 30만원(1명) ▲이솝 바디클렌저 &amp; 핸드워시... ,"Tue, 08 Apr 2025 08:41:00 +0900"
"IFC몰, 봄꽃 시즌 맞이 '원더가든 포토 콘테스트' 진행",https://www.ebn.co.kr/news/articleView.html?idxno=1658411,https://www.ebn.co.kr/news/articleView.html?idxno=1658411,원더가든에서 인증샷 촬영 후 현장에 마련된 포토 프린터로 사진을 출력해 직접 사진을 꾸며 포토 콘테스트에 참여할 수 있다. 포토 콘테스트 경품으로 △IFC몰 기프트카드 30만원(1명) △이솝 바디클렌저 &amp; 핸드워시... ,"Tue, 08 Apr 2025 14:02:00 +0900"
"IFC몰, 벚꽃 시즌 맞춰 원더가든 포토 콘테스트 진행",https://www.newscj.com/news/articleView.html?idxno=3255643,https://www.newscj.com/news/articleView.html?idxno=3255643,원더가든에서 인증샷 촬영 후 현장에 마련된 포토 프린터로 사진을 출력해 직접 사진을 꾸며 포토 콘테스트에 참여할 수 있다. 포토 콘테스트 경품으로 ▲IFC몰 기프트카드 30만원(1명) ▲이솝 바디클렌저&amp;핸드워시 세트... ,"Wed, 09 Apr 2025 07:44:00 +0900"
"IFC몰, '원더가든' 포토 콘테스트···&quot;봄꽃 만끽하세요&quot;",http://www.enewstoday.co.kr/news/articleView.html?idxno=2260796,http://www.enewstoday.co.kr/news/articleView.html?idxno=2260796,원더가든에서 촬영한 사진을 현장에 설치된 포토 프린터로 출력한 뒤 직접 꾸며 콘테스트에 응모하면 된다. IFC몰은 경품으로 △IFC몰 기프트카드 30만원(1명) △이솝 바디클렌저 &amp; 핸드워시 세트(10명) △스탠리 텀블러... ,"Tue, 08 Apr 2025 08:35:00 +0900"
"IFC몰, 원더가든 포토 콘테스트 연다",http://www.bizwnews.com/news/articleView.html?idxno=100242,http://www.bizwnews.com/news/articleView.html?idxno=100242,원더가든에서 인증샷 촬영 후 현장에 마련된 포토 프린터로 사진을 출력해 직접 사진을 꾸며 포토 콘테스트에 참여할 수 있다. 포토 콘테스트 경품으로 ▲IFC몰 기프트카드 30만원(1명) ▲이솝 바디클렌저 &amp; 핸드워시... ,"Tue, 08 Apr 2025 14:40:00 +0900"
"IFC몰, 봄꽃 정원 '원더가든' 개장…&quot;포토 콘테스트·솜사탕 증정&quot;",https://www.gpkorea.com/news/articleView.html?idxno=127136,https://www.gpkorea.com/news/articleView.html?idxno=127136,IFC몰은 L3층 사우스아트리움에 조성된 봄꽃 정원 콘셉트의 '원더가든'에서 오는 12일까지 포토 콘테스트 및... 수상자에게는 △IFC몰 기프트카드 30만원(1명) △이솝 바디클렌저 &amp; 핸드워시 세트(10명) △스탠리 텀블러... ,"Tue, 08 Apr 2025 08:24:00 +0900"
"더블유게임즈, 더블유카지노 ‘원더카드’ 20번째 시즌 시작",http://www.edaily.co.kr/news/newspath.asp?newsid=01518646642108896,https://n.news.naver.com/mnews/article/018/0005974408?sid=101,더블유게임즈(192080)는 인기 소셜 카지노 게임 더블유카지노가 핵심 콘텐츠인 ‘원더카드(Wonder Cards)’의 20번째 시즌을 시작한다고 31일 밝혔다. 원더카드는 2022년 7월에 처음 도입된 카드 수집형 콘텐츠로... ,"Mon, 31 Mar 2025 08:45:00 +0900"
"더블유게임즈, 핵심 콘텐츠 ‘원더카드’ 20번째 시즌 시작",http://www.metroseoul.co.kr/article/20250331500628,http://www.metroseoul.co.kr/article/20250331500628,더블유게임즈의 '더블유카지노'가 콘텐츠 '원더카드'의 20번째 시즌을 시작한다고 밝혔다/더블유게임즈 더블유카지노가 핵심 콘텐츠인 '원더카드'의 20번째 시즌을 시작한다고 31일 밝혔다. 원더카드는 2022년?7월에 처음... ,"Mon, 31 Mar 2025 16:10:00 +0900"
안양 드디어 홈 첫 승! 최규현 원더골→토마스 쐐기골 터졌다... '삭발 ...,https://www.starnewskorea.com/stview.php?no=2025040615200880795,https://m.sports.naver.com/kfootball/article/108/0003317903,"후반 15분 안양은 교체 카드를 3장이나 사용했다. 에두아르도와 채현우, 김운이 빠지고 김정현, 최규현... 후반 38분 최규현이 원더골로 단단했던 강원 골문을 여는데 성공했다. 페널티 아크에서 최규현은 다이렉트 발리... ","Sun, 06 Apr 2025 18:25:00 +0900"
더블유카지노 '원더카드' 20번째 시즌 개시,http://www.maniareport.com/view.php?ud=202503311732047922cecffa9387_19,https://m.sports.naver.com/esports/article/425/0000162204,"더블유게임즈는 31일, 소셜 카지노 게임 '더블유카지노'에서 콘텐츠 '원더카드'의 20번째 시즌을 시작한다고 밝혔다. 원더카드는 2022년 7월에 도입한 카드 수집형 콘텐츠다. 게임을 플레이하며 획득할 수 있는 카드... ","Mon, 31 Mar 2025 17:33:00 +0900"
"성영수 하나카드 대표, 33년 금융 경력 바탕으로 글로벌 확장·프리미엄...",http://www.lkp.news/news/articleView.html?idxno=62368,http://www.lkp.news/news/articleView.html?idxno=62368,제이드 카드의 흥행에 힘입어 지난해 하나카드의 연회비 수익은 1709억원으로 2023년(1489억원)보다 14.77% 증가했다. 나아가 하나카드는 올해도 성영수 사장 체제에서 트래블로그 1000만좌 가입 돌파에 도전하는 등... ,"Thu, 03 Apr 2025 11:02:00 +0900"
"[生기업TALK] 하나카드, 트래블로그 넘어 '플랫폼 금융'으로 진화",http://www.sisacast.kr/news/articleView.html?idxno=71517,http://www.sisacast.kr/news/articleView.html?idxno=71517,"한편, 제이드(JADE) 시리즈와 원더카드(WONDER CARD) 등 트래블로그의 뒤를 이을 차기작도 흥행에 성공하고 있다는 평가가 나온다. 제이드는 고급 혜택을 대중화한 프리미엄 브랜드로, 출시 10개월 만에 10만 장을 돌파했으며... ","Mon, 07 Apr 2025 09:34:00 +0900"
"'순익 제자리' 카드업계, 연체율은 '급상승'",https://www.ziksir.com/news/articleView.html?idxno=85473,https://www.ziksir.com/news/articleView.html?idxno=85473,하나카드는 지난해 '제이드' 카드를 선보여 10개월 만에 10만장의 판매고를 기록했다. ▲클래식(연회비 11만5000원) ▲프라임(30만원) ▲퍼스트(60만원) ▲퍼스트 센텀(100만원) 등 연회비 10만원대부터 100만원대다.... ,"Sun, 23 Mar 2025 09:00:00 +0900"
조건없는 프리미엄 혜택…'하나카드 JADE',https://www.kbanker.co.kr/news/articleView.html?idxno=219165,https://www.kbanker.co.kr/news/articleView.html?idxno=219165,하나카드 관계자는 &quot;﻿앞으로 '제이드' 시리즈에 손님들이 원하는 상품을 지속적으로 확대해 하나카드 대표 브랜드로 자리 매김할 수 있도록 노력하겠다&quot;고 밝혔다. 대한금융신문,"Mon, 31 Mar 2025 06:20:00 +0900"
“신용카드 연회비가 200만원?”…대체 무슨 혜택 있길래 [금융 라운지...,https://www.mk.co.kr/article/11263483,https://n.news.naver.com/mnews/article/009/0005458563?sid=101,중간 가격대 연회비 카드의 장점을 최대한 살린 셈이다. 하나카드도 지난해 새로운 프리미엄 브랜드 ‘제이드’를 론칭하며 해당 브랜드의 첫 상품으로 연회비가 12만원인 ‘제이드 클래식’을 출시했다.,"Thu, 13 Mar 2025 22:14:00 +0900"
"&quot;손님을 위한, 손님에 의한&quot; 하나카드, 시장의 중심으로",https://www.moneys.co.kr/article/2025031308212716150,https://n.news.naver.com/mnews/article/417/0001064099?sid=101,프리미엄 상품 중 주요 상품은 지난해 론칭한 '제이드(JADE)' 카드를 꼽을 수 있다. 신규 프리미엄 브랜드 '제이드(JADE)'는 품격있지만 누구나 접근 가능한 대중적인 프리미엄 브랜드를 지향한다. 높은 연회비 진입 장벽을... ,"Mon, 17 Mar 2025 06:41:00 +0900"
업황 악화에 `연회비 장사`하는 카드사,https://www.dt.co.kr/contents.html?article_no=2025031102101563084001&ref=naver,https://n.news.naver.com/mnews/article/029/0002940196?sid=101,하나카드는 지난해 대중적인 프리미엄 브랜드로 '제이드(JADE)' 시리즈를 내놓은 바 있다. 이 상품은 12만원부터 100만원까지 연회비를 다양하게 구성해 고객별 취향에 맞는 혜택을 제공한다.중소형 카드사 관계자는... ,"Mon, 10 Mar 2025 17:41:00 +0900"
"'트래블로그' 이어 '제이드'도 홈런...하나카드, 지난해 순이익 30% '껑충...",http://www.hansbiz.co.kr/news/articleView.html?idxno=732709,http://www.hansbiz.co.kr/news/articleView.html?idxno=732709,제이드 카드의 흥행에 힘입어 지난해 하나카드의 연회비 수익은 1709억원으로 2023년(1489억원)보다 14.77% 증가했다. 나아가 하나카드는 올해도 성영수 사장 체제에서 트래블로그 1000만좌 가입 돌파에 도전하는 등... ,"Thu, 06 Feb 2025 07:42:00 +0900"
[금융 라운지] 수백만원 아니면 공짜 … 카드 연회비도 양극화,https://www.mk.co.kr/article/11263213,https://n.news.naver.com/mnews/article/009/0005458382?sid=101,중간 가격대 연회비 카드의 장점을 최대한 살린 셈이다. 하나카드도 지난해 새로운 프리미엄 브랜드 '제이드'를 론칭하며 해당 브랜드의 첫 상품으로 연회비가 12만원인 '제이드 클래식'을 출시했다.,"Thu, 13 Mar 2025 17:33:00 +0900"
카드업계 '캐시카우'로 떠오른 연회비 수익...중저가형 프리미엄 카드 ...,http://www.hansbiz.co.kr/news/articleView.html?idxno=738359,http://www.hansbiz.co.kr/news/articleView.html?idxno=738359,이 외에도 하나카드는 프리미엄 카드임에도 지난해 10만 매가 넘게 팔린 브랜드 '제이드' 카드에 보이스피싱이나 해킹 등의 금융사고 발생 시 최대 300만원을 보상하는 '스마트 케어' 시스템을 탑재해 안정성을... ,"Fri, 14 Mar 2025 08:14:00 +0900"
[CEO 100일] 이호성 하나은행장 '트래블로그' 이어 '연금'도 히트 노린다,https://www.asiatime.co.kr/article/20250408500395,https://www.asiatime.co.kr/article/20250408500395,기자] '트래블로그 카드'를 히트시킨 이후 올해 하나은행장으로 '깜짝' 발탁된 이호성 행장이 이번에는... 시절에는 트래블로그 카드를 성공시키며 주목을 받았다. 하나금융지주 그룹임원후보추천위원회(임추위)가... ,"Thu, 10 Apr 2025 08:42:00 +0900"
하나카드 외환차익 1000억 원 육박...특화카드 '트래블로그' 효과,http://www.consumernews.co.kr/news/articleView.html?idxno=729944,http://www.consumernews.co.kr/news/articleView.html?idxno=729944,해외여행 특화카드인 '트래블로그' 효과가 반영된 것으로 풀이된다. 지난해 국내 고객의 해외 여행 수요가... 하나카드 관계자는 &quot;대표카드 트래블로그의 성장과 해외여행 수요 증가가 맞물려 외화거래가 성장했고... ,"Wed, 09 Apr 2025 06:10:00 +0900"
'카카오페이 트래블로그 체크카드' 누적 발급 10만 돌파,https://www.newsis.com/view/NISX20250331_0003119741,https://n.news.naver.com/mnews/article/003/0013152650?sid=101,카카오페이는 하나카드가 함께 기획한 '카카오페이 트래블로그 체크카드'가 출시 약 4개월 만에 누적 발급 10만좌를 돌파했다고 31일 밝혔다. 카카오페이 트래블로그 체크카드는 해외에서는 외화 하나머니로... ,"Mon, 31 Mar 2025 10:58:00 +0900"
카카오페이 트래블로그 체크카드 누적 발급 10만 돌파,https://www.yna.co.kr/view/AKR20250331032200017?input=1195m,https://n.news.naver.com/mnews/article/001/0015299380?sid=101,"카카오페이는 31일 하나카드와 공동 기획한 카카오페이 트래블로그 체크카드가 출시 4개월만에 누적 발급 10만좌를 돌파했다고 밝혔다. 해당 카드는 해외에서는 외화 하나머니로, 국내에서는 카카오페이머니로 결제되며... ","Mon, 31 Mar 2025 09:17:00 +0900"
"'무료 환전' 카카오페이 트래블로그 카드, 누적 발급 10만 돌파",https://www.news1.kr/it-science/general-it/5736806,https://n.news.naver.com/mnews/article/421/0008162641?sid=105,해외 무료 환전과 국내 적립 혜택 등을 제공하는 '카카오페이 트래블로그 체크카드'가 출시 약 4개월 만에 누적 발급 10만 좌를 돌파했다. 카카오페이(377300)는 하나카드와 함께 기획한 '카카오페이 트래블로그 체크카드... ,"Mon, 31 Mar 2025 09:32:00 +0900"
카카오페이 트래블로그 체크카드 누적 10만좌 돌파,http://www.edaily.co.kr/news/newspath.asp?newsid=02043446642108896,https://n.news.naver.com/mnews/article/018/0005974574?sid=101,카카오페이와 하나카드가 함께 기획한 ‘카카오페이 트래블로그 체크카드’가 출시 약 4개월 만에 누적... 일본의 경우 어디서든 수수료 혜택을 받으며 이용할 수 있는 카카오페이 트래블로그 체크카드와 사용하던... ,"Mon, 31 Mar 2025 10:18:00 +0900"
"트래블카드, 해외 소비시장 '정조준'",http://www.namdonews.com/news/articleView.html?idxno=815768,http://www.namdonews.com/news/articleView.html?idxno=815768,"제휴해 '트래블로그' 카드를 선보였으며, 지난해 말 기준 가입자 수는 700만명을 돌파하는 등 해외 체크카드 점유율 1위 자리를 꾸준히 지키고 있다. 하나카드 측에 따르면 트래블로그 카드는 달러·엔화·유로를... ","Wed, 09 Apr 2025 14:52:00 +0900"
‘카카오페이 트래블로그 체크카드' 누적 발급 10만좌 돌파,https://isplus.com/article/view/isp202503310190,https://n.news.naver.com/mnews/article/241/0003424894?sid=101,카카오페이와 하나카드가 함께 기획한 ‘카카오페이 트래블로그 체크카드’가 출시 약 4개월 만에 누적 발급 10만좌를 돌파했다고 31일 밝혔다. 트래블로그 체크카드가 짧은 시간 내에 10만 좌를 넘어설 수 있었던... ,"Mon, 31 Mar 2025 14:32:00 +0900"
해외 체크카드 사용량 급증…'트래블카드' 시장 각축전,https://www.newsis.com/view/NISX20250408_0003130605,https://n.news.naver.com/mnews/article/003/0013170347?sid=101,"하나카드는 지난 2022년 국내 업계 최초로 글로벌 결제 네트워크 브랜드인 마스터, 유니온페이, 비자와 트래블로그 카드를 출시하며 트래블카드 시장을 주도했다. 하나카드 트래블로그의 지난해 말 기준 가입자는... ","Tue, 08 Apr 2025 11:31:00 +0900"
'카카오페이 트래블로그 체크카드' 누적 발급 10만좌 돌파,https://www.etnews.com/20250331000041,https://n.news.naver.com/mnews/article/030/0003298250?sid=101,기획한 '카카오페이 트래블로그 체크카드'가 출시 약 4개월 만에 누적 발급 10만좌를 돌파했다. 이용률도 활발하다. 해외에서는 일본에서 결제 비중이 50%로 가장 높게 나타났다. '카카오페이 트래블로그 체크카드'는... ,"Mon, 31 Mar 2025 09:25:00 +0900"
하나카드 트레블로그 해외여행 수수료 2000억 절감,https://m.skyedaily.com/news_view.html?ID=264552,https://m.skyedaily.com/news_view.html?ID=264552,"스카이데일리 허승아기자 = 3대 수수료 혜택으로 매일 2.2억, 매달 63.6억 아낀 셈 ▲ 하나카드는 트래블로그 서비스 이용 고객이 아낀 해외여행 수수료가 2000억원을 넘었다고 27일 밝혔다. 하나카드 제공 하나카드... ","Thu, 27 Feb 2025 12:50:00 +0900"
하나 '트레블로그 체크카드' 하나은행 전 영업점서 즉시 발급,https://www.megaeconomy.co.kr/news/newsview.php?ncode=1065599890903166,https://www.megaeconomy.co.kr/news/newsview.php?ncode=1065599890903166,하나카드가 하나은행 전 영업점에서 '하나 트래블GO(고)' 체크카드(VISA)를 즉시 발급받을 수 있다고 3일 밝혔다. ▲[사진= 하나카드] 이로써 트래블로그 체크카드 2종(Master/UPI)에 이어 트래블GO 체크카드까지... ,"Mon, 03 Feb 2025 17:02:00 +0900"
"하나카드, 트레블로그 카드 함께하면 중국 여행 든든",https://www.newsworks.co.kr/news/articleView.html?idxno=781676,https://www.newsworks.co.kr/news/articleView.html?idxno=781676,인기 여행 카드 트래블로그가 중국 여행에서도 활용도가 높은 것으로 나타났다. 하나카드는 21일 '트래블로그 유니온페이 카드'를 활용한 중국 여행 노하우를 공유했다. 최근 중국 정부의 무비자 정책 시행으로 중국... ,"Tue, 21 Jan 2025 11:12:00 +0900"
"하나카드, 토스뱅크 맞서 외환서비스 ‘트레블로그’ 대폭 업그레이드",http://www.g-enews.com/ko-kr/news/article/news_all/202401301529291123658ae4d6a0_1/article.html,http://www.g-enews.com/ko-kr/news/article/news_all/202401301529291123658ae4d6a0_1/article.html,이에 하나카드도 최근 주요 외환서비스인 트레블로그를 강화해 경쟁력을 높였다. 하나카드 트래블로그는... 또 기존에는 하나머니로 먼저 환전하고 체크카드로 계산해야 했던 트레블로그의 번거로움을 타파해 오는 2월... ,"Tue, 30 Jan 2024 15:38:00 +0900"
[르포]하나 트레블로그와 여행…성수국제공항 가보니,http://news.bizwatch.co.kr/article/finance/2023/07/13/0025,https://n.news.naver.com/mnews/article/648/0000017909?sid=101,"이번 여름휴가에 해외여행을 앞두고 트레블로그 사용법 등을 알려준다고 해서 방문해 봤는데, 생각보다... '트레블로그'가 뭐야? 지난해 7월 출시해 만 1년이 된 트래블로그는 지난 6월말 기준 누적 충전액은 3877억원... ","Fri, 14 Jul 2023 14:02:00 +0900"
시장 판 흔든 트레블로그 기획자…박정일 하나카드 부장 &quot;시행착오가 우...,https://www.etoday.co.kr/news/view/2401968,https://www.etoday.co.kr/news/view/2401968,이투데이=정상원 기자 | 트래블로그를 과거에는 없었던 하나의 금융상품으로 자리매김하는 것이 저희가 꿈꾸는 미래입니다 환전수수료 없이 외화를 환전해 두고 해외 어디서든 무료로 인출·결제할 수 있는 서비스인... ,"Fri, 20 Sep 2024 05:00:00 +0900"
"하나카드, '트레블로그' 무료 환전 41종 통화로 확대",https://www.hankyung.com/article/202403283036i,https://n.news.naver.com/mnews/article/015/0004965737?sid=101,"하나카드는 다음달 1일부터 트래블로그 이용 가능 통화가 26종에서 41종으로 확대된다고 28일 발표했다. 이에 따라 기존 26종에서 남아공, 브라질, 이집트 등 15국 통화의 환전이 가능해진다. 트래블로그는... ","Thu, 28 Mar 2024 13:47:00 +0900"
"헨리코튼, ‘트레블로그’ 토크 콘서트",http://www.ktnews.com/sub/view.php?cd_news=108935,http://www.ktnews.com/sub/view.php?cd_news=108935,"코오롱인더스트리FnC부문의 ‘헨리코튼’이 최근 브랜드 매거진 ‘트레블로그’의 컨텐츠를 주제로 알베르트 몬디, 이욱정PD, 유현준 교수으로 이어지는 토크 콘서트를 진행했다. ‘트레블로그’는 여행과 패션을 결합... ","Thu, 15 Nov 2018 13:43:00 +0900"
"‘현장경영’ 이호성 하나은행장, 기업금융· 퇴직연금 시장 공략 ‘특...",https://www.viva100.com/article/20250311500461,https://www.viva100.com/article/20250311500461,이호성 하나은행장이 ‘손님 중심 영업문화 DNA 회복’에 박차를 가하고 있다. 지난 1월 취임 첫날부터 현장 행보에 나선 이 행장은 하나은행 대표 브랜드 고도화와 기업손님들에 대한 영업력 강화를 주문하고 있다. 이... ,"Tue, 11 Mar 2025 10:44:00 +0900"
"하나은행, 新상품 트레블로그 여행 적금 출시",https://www.rcast.co.kr/news/articleView.html?idxno=23252,https://www.rcast.co.kr/news/articleView.html?idxno=23252,하나은행(은행장 이승열)은 출시 1년여 만에 가입자 수 200만을 돌파한 해외여행 필수 아이템인 '트래블로그 카드'와 연계한 '트래블로그 여행 적금' 상품을 새롭게 출시한다. 이번에 출시되는 트래블로그 여행 적금은... ,"Thu, 02 Nov 2023 13:46:00 +0900"
"[단독]홈플, 롯데카드 매출 몰아줬나…'MBK 식구' 사이 수상한 거래",http://www.edaily.co.kr/news/newspath.asp?newsid=01495686642134808,https://n.news.naver.com/mnews/article/018/0005983681?sid=101,홈플러스가 지난 3월 법원에 기업 회생 신청을 하기 직전 대주주인 MBK파트너스의 계열사인 롯데카드에 구매전용카드 매출을 급격히 몰아준 정황이 드러났다. 롯데카드는 이례적으로 매출이 급증했고 홈플러스는... ,"Thu, 10 Apr 2025 06:01:00 +0900"
롯데카드 '골프 반띵' 이벤트 실시,https://www.etnews.com/20250410000115,https://n.news.naver.com/mnews/article/030/0003302055?sid=101,"롯데카드는 봄철 골프 시즌을 맞아 골프장, 골프연습장, 스크린골프장 이용 고객을 대상으로 '골프 반띵' 이벤트를 실시한다고 10일 밝혔다. 골프 반띵 이벤트는 디지로카앱 '발견'탭 골프 카테고리에서 이용할 수 있다.... ","Thu, 10 Apr 2025 10:27:00 +0900"
"롯데카드, 디지로카앱 발견탭에서 '골프 반띵' 이벤트 실시",http://www.fnnews.com/news/202504100946293034,https://n.news.naver.com/mnews/article/014/0005333952?sid=101,"롯데카드는 봄철 골프 시즌을 맞아 디지로카앱 '발견'탭 골프 카테고리에서 골프장, 골프연습장, 스크린골프장 이용 고객을 대상으로 '골프 반띵'이벤트를 실시한다고 10일 밝혔다. 골프 반띵 이벤트는 올해 연말까지 모든... ","Thu, 10 Apr 2025 09:49:00 +0900"
"롯데카드, 디지로카앱 발견탭 골프 카테고리서 '골프 반띵' 이벤트 실시",https://sports.hankooki.com/news/articleView.html?idxno=6894776,https://sports.hankooki.com/news/articleView.html?idxno=6894776,"롯데카드가 봄철 골프 시즌을 맞아 디지로카앱 '발견'탭 골프 카테고리에서 골프장, 골프연습장, 스크린골프장 이용 고객을 대상으로 '골프 반띵' 이벤트를 실시한다고 10일 밝혔다. ⓒ롯데카드 골프 반띵 이벤트는 올해... ","Thu, 10 Apr 2025 09:40:00 +0900"
"롯데카드, '골프 반띵' 이벤트 실시",http://www.fieldnews.kr/news/articleView.html?idxno=15177,http://www.fieldnews.kr/news/articleView.html?idxno=15177,"롯데카드가 봄철 골프 시즌을 맞아 '골프 반띵' 이벤트를 실시한다. 롯데카드는 봄철 골프 시즌을 맞아 디지로카앱의 발견 탭 골프 카테고리에서 골프장, 골프연습장, 스크린골프장 이용 고객을 대상으로 골프 반띵... ","Thu, 10 Apr 2025 10:08:00 +0900"
"롯데카드, 봄 맞아 골프장·골프연습장 결제 금액 절반 띵코인 환급 이...",https://www.dailian.co.kr/news/view/1483844/?sc=Naver,https://n.news.naver.com/mnews/article/119/0002943539?sid=101,롯데카드는 봄철 골프 시즌을 맞아 디지로카 앱 '발견'탭 골프 카테고리에서 골프장·골프연습장·스크린골프장 이용 고객을 대상으로 '골프 반띵' 이벤트를 실시한다고 10일 밝혔다. 골프 반띵 이벤트는 올해 연말까지... ,"Thu, 10 Apr 2025 08:40:00 +0900"
"롯데카드, 봄철 골프 시즌 맞아 '골프 반띵' 이벤트 실시",http://datanews.co.kr/news/article.html?no=138094,http://datanews.co.kr/news/article.html?no=138094,"롯데카드(대표 조좌진)는 봄철 골프 시즌을 맞아 디지로카앱 ‘발견’탭 골프 카테고리에서 골프장, 골프연습장, 스크린골프장 이용 고객을 대상으로 ‘골프 반띵’ 이벤트를 실시한다고 10일 밝혔다. 골프 반띵 이벤트는... ","Thu, 10 Apr 2025 09:24:00 +0900"
"롯데카드, 디지로카앱 '골프 반띵' 이벤트 실시",https://www.meconomynews.com/news/articleView.html?idxno=110929,https://www.meconomynews.com/news/articleView.html?idxno=110929,"당첨 시 결제 금액 절반 띵코인으로 지급 디지로카앱 '발견'탭 골프 카테고리서 이용 [시장경제=유경표 기자] 사진=롯데카드 롯데카드가 봄철 골프 시즌을 맞아 디지로카앱 '발견'탭 골프 카테고리에서 골프장, 골프연습장... ","Thu, 10 Apr 2025 09:50:00 +0900"
"롯데카드 디지로카앱, 골프 이용객 대상 '골프 반띵' 이벤트",https://www.cstimes.com/news/articleView.html?idxno=641539,https://www.cstimes.com/news/articleView.html?idxno=641539,"컨슈머타임스=김하은 기자 | 롯데카드(대표이사 조좌진)가 봄철 골프 시즌을 맞아 디지로카앱 '발견'탭 골프 카테고리에서 골프장, 골프연습장, 스크린골프장 이용 고객을 대상으로 '골프 반띵' 이벤트를 실시한다고 10일... ","Thu, 10 Apr 2025 08:10:00 +0900"
"롯데카드, 디지로카앱서 골프 반띵 이벤트 실시",http://www.iminju.net/news/articleView.html?idxno=124344,http://www.iminju.net/news/articleView.html?idxno=124344,"민주신문=김혜인 기자｜롯데카드는 디지로카앱 발견탭 골프 카테고리에서 골프 반띵 이벤트를 진행한다고 10일 밝혔다. 이벤트는 올해 연말까지 골프장, 골프연습장, 스크린골프장 이용 고객을 대상으로 진행된다.... ","Thu, 10 Apr 2025 10:26:00 +0900"
"“상반기 채용, 지금입니다”… 비씨카드부터 토스까지",http://www.segye.com/newsView/20250410505658?OutUrl=naver,https://n.news.naver.com/mnews/article/022/0004026503?sid=101,"비씨카드는 오는 11일부터 18일까지 ‘2025년 상반기 신입사원 채용’을 진행한다. 모집 분야는 일반(Biz)과 DX(디지털 전환) 부문으로, DX는 채용연계형 인턴십 형태다. 지원자는 4년제 대학 졸업자 또는 2025년 7월 졸업... ","Thu, 10 Apr 2025 09:40:00 +0900"
비씨카드·신한은행 등 ‘금융권 상반기' 신입·인턴 채용,http://www.beyondpost.co.kr/view.php?ud=20250410082318855646a9e4dd7f_30,http://www.beyondpost.co.kr/view.php?ud=20250410082318855646a9e4dd7f_30,"채용에 나선 기업은 비씨카드, 메리츠화재해상보험, 비바리퍼블리카, 신한은행, 케이뱅크, NH아문디자산운용 등이다. ◇ 비씨카드는 오는 4월 11일부터 18일까지 ‘2025년 상반기 신입사원 채용’을 진행한다. 모집... ","Thu, 10 Apr 2025 08:28:00 +0900"
"비씨카드, AI 핫딜 출시…“커뮤니티 추천 상품 한 눈에”",https://www.etnews.com/20250408000139,https://n.news.naver.com/mnews/article/030/0003301124?sid=101,"비씨카드는 다양한 커뮤니티에서 추천된 쇼핑 정보를 페이북에서 한번에 제공해주는 AI 큐레이션 쇼핑(AI 핫딜)을 선보인다고 8일 밝혔다. 이 서비스는 뽐뿌, 에펨코리아, 다사자 등 국내 유명 커뮤니티와 제휴해 유저... ","Tue, 08 Apr 2025 10:15:00 +0900"
[카드News]비씨카드·KB국민카드,http://www.metroseoul.co.kr/article/20250408500151,http://www.metroseoul.co.kr/article/20250408500151,인공지능(AI) 핫딜 이미지./비씨카드 비씨카드가 복수의 커뮤니티에서 추천한 쇼핑 정보를 한번에 제공한다. ◆ 소비패턴 분석한 최적의 추천 비씨카드는 페이북에 인공지능(AI) 큐레이션 쇼핑을 론칭했다고 8일 밝혔다.... ,"Tue, 08 Apr 2025 10:22:00 +0900"
&quot;올해 상반기 금융권 채용 본격화&quot;…비씨카드·신한은행 등 신입·인턴 ...,https://www.youthdaily.co.kr/news/article.html?no=182351,https://www.youthdaily.co.kr/news/article.html?no=182351,진학사 캐치 조사…토스·케이뱅크 등 인뱅 신규 채용 본격 돌입 비씨카드·신한은행 외…주요 금융권 올해 신입·인턴 채용 '활발' 채용 플랫폼 진학사 캐치는 올해 상반기 주요 금융권 기업들이 신입 및 인턴 공개... ,"Thu, 10 Apr 2025 09:02:00 +0900"
"신한은행, 비씨카드, 메리츠화재, 케이뱅크, NH아문디자산운용 등 주요...",http://www.issuenbiz.com/news/articleView.html?idxno=58836,http://www.issuenbiz.com/news/articleView.html?idxno=58836,"채용에 나선 기업은 비씨카드, 메리츠화재해상보험, 비바리퍼블리카, 신한은행, 케이뱅크, NH아문디자산운용 등이다. 비씨카드는 오는 4월 11일부터 18일까지 '2025년 상반기 신입사원 채용'을 진행한다. 모집 분야는... ","Thu, 10 Apr 2025 08:04:00 +0900"
"[2024년 귀속 법인세 분석] 8대 카드사, 법인세 전년比 0.1% 하락...삼성...",http://www.joseilbo.com/news/news_read.php?uid=540730&class=7&grp=,https://n.news.naver.com/mnews/article/123/0002356689?sid=101,8개 카드사 중 매출액 순위 최하위인 비씨카드는 지난해 1437억원의 영업이익을 달성했다. 2022년 1215억원에서 2023년 901억원으로 주춤했다 작년엔 다시 60%가량 신장해 최근 3개연 중 최고의 실적을 기록했다.... ,"Thu, 10 Apr 2025 06:31:00 +0900"
"다사자, 비씨카드 '페이북'과 협업…AI 기반 핫딜 정보 제공",http://www.kdpress.co.kr/news/articleView.html?idxno=136888,http://www.kdpress.co.kr/news/articleView.html?idxno=136888,"사진=다사자 제공 온라인 핫딜 커뮤니티 '다사자'가 비씨카드의 생활 금융 플랫폼 '페이북(Paybooc)'과 협업하여 더욱 다양한 혜택을 제공한다. 비씨카드는 지난 8일, 다양한 커뮤니티에서 추천된 쇼핑 정보를 페이북에서 한... ","Wed, 09 Apr 2025 11:26:00 +0900"
"비씨카드, AI 활용한 '핫딜 큐레이션 서비스' 출시",http://www.smedaily.co.kr/news/articleView.html?idxno=322642,http://www.smedaily.co.kr/news/articleView.html?idxno=322642,"사진/비씨카드 비씨카드는 다양한 커뮤니티에서 추천된 쇼핑 정보를 페이북에서 한 번에 제공해주는 AI(인공지능) 큐레이션 쇼핑(이하 AI 핫딜)을 론칭했다고 8일 밝혔다. AI 핫딜은 국내 유명 커뮤니티(뽐뿌, 에펨코리아... ","Tue, 08 Apr 2025 08:24:00 +0900"
"&quot;육아휴직, 여직원이 쓰는 제도&quot;?…카드사 남직원 사용률 10%도 안 돼",http://news.mt.co.kr/mtview.php?no=2025040809034274127,https://n.news.naver.com/mnews/article/008/0005177577?sid=101,"반면 지난해 신한카드와 비씨카드는 상대적으로 낮은 육아휴직 사용률을 보였다. 신한카드가 20%, 비씨카드는 21.7%로 다른 카드사 육아휴직 사용률의 3분의1 수준이었다. 육아휴직 사용의 성별 간 차이는 매우 컸다.... ","Tue, 08 Apr 2025 16:07:00 +0900"
'삼성카드·현대카드 통장' 또 무산 위기...조기대선에 숙원사업 동력 ...,https://daily.hankooki.com/news/articleView.html?idxno=1202102,https://daily.hankooki.com/news/articleView.html?idxno=1202102,"카드업계 관계자는 &quot;해당 전용 계좌가 도입되면 삼성카드 통장, 현대카드 통장 등 각 카드사 전용 통장을 개설할 수 있다&quot;며 &quot;카드사들은 거래 과정을 획기적으로 단축할 수 있게 될 것이다&quot;라고 설명했다. 앞서... ","Thu, 10 Apr 2025 09:10:00 +0900"
"삼성카드, 1분기 컨센서스 소폭 하회... 신용판매 성장세 주목",http://www.press9.kr/news/articleView.html?idxno=62831,http://www.press9.kr/news/articleView.html?idxno=62831,"삼성카드가 수익성과 건전성에 대한 불확실성이 존재하는 와중에도 개인 신용판매 이용금액이 크게 올랐다. 지난해 4분기부터 선별적으로 마케팅을 확대한 결과 자동차 구매나 세금납부, 여행 업종 위주로 이용금액이... ","Thu, 10 Apr 2025 09:00:00 +0900"
"삼성카드, SK에너지·GS칼텍스와 협업해 '삼성 iD STATION 카드' 출시",https://www.topstarnews.net/news/articleView.html?idxno=15633542,https://www.topstarnews.net/news/articleView.html?idxno=15633542,"삼성카드가 SK에너지, GS칼텍스와 협업해 '삼성 iD STATION 카드' 2종을 출시했다. 이번 카드 상품은 SK에너지와 GS칼텍스 주유 시 10% 할인 혜택을 제공하며, 주유 할인 한도는 월 최대 3만5000원이다. 해당 혜택은 전월... ","Wed, 09 Apr 2025 11:42:00 +0900"
[삼성카드 승부수③] 기업·환경 함께 잡는다…ESG 구축 본격화,http://www.seoulwire.com/news/articleView.html?idxno=645894,http://www.seoulwire.com/news/articleView.html?idxno=645894,삼성카드가 10년 만에 카드업계 1위 자리를 탈환하며 금융권의 주목을 받고 있다. 신사업과 디지털 혁신 등에 따른 내실경영의 성과가 나타나고 있다는 평가다. 하지만 경쟁사의 도전도 만만치 않다. 애플페이의... ,"Tue, 08 Apr 2025 07:00:00 +0900"
"삼성카드, 실적 불확실성 존재… 투자의견 '중립' [한국투자증권]",https://www.businessplus.kr/news/articleView.html?idxno=85124,https://www.businessplus.kr/news/articleView.html?idxno=85124,삼성카드 CI. 한국투자증권은 삼성카드에 대해 수익성과 건전성에 대한 불확실성이 존재한다며 투자의견 '중립'을 유지한다고 9일 밝혔다. 목표주가는 제시하지 않았다. 백두산 한국투자증권 연구원은 &quot;잔액 기준... ,"Wed, 09 Apr 2025 07:04:00 +0900"
삼성카드 &quot;월 최대 3만5000원 주유 할인&quot;,http://www.fnnews.com/news/202504021822596520,https://n.news.naver.com/mnews/article/014/0005330462?sid=101,"삼성카드가 2일 SK에너지, GS칼텍스와 협업해 '삼성 iD STATION 카드' 2종을 출시했다. SK에너지, GS칼텍스 주유시 10% 할인해주고, 일상 영역에서도 할인혜택을 제공한다. 주유 할인 한도는 월 최대 3만5000원이며, 전월... ","Wed, 02 Apr 2025 18:23:00 +0900"
"“주유 혜택 강화” 삼성카드, ‘iD STATION 카드’ 2종 출시",https://biz.heraldcorp.com/article/10455963?ref=naver,https://n.news.naver.com/mnews/article/016/0002451351?sid=101,"SK에너지·GS칼텍스 주유 시 10% 통신·편의점·온라인쇼핑몰 등 5% 할인 삼성카드가 SK에너지, GS칼텍스와 협업하여 ‘삼성 iD STATION 카드(SK에너지), ’삼성 iD STATION 카드(GS칼텍스)‘ 2종을 출시했다. [삼성카드]... ","Wed, 02 Apr 2025 09:59:00 +0900"
"삼성카드, 매크로 대응·리스크 관리 고삐 죄기",http://www.whitepaper.co.kr/news/articleView.html?idxno=245071,http://www.whitepaper.co.kr/news/articleView.html?idxno=245071,"화이트페이퍼, WHITEPAPER김이태 삼성카드 대표이사 사장. (사진/CI=삼성카드) 삼성카드가 대표이사 교체와 이사회 재정비를 통해 금융시장 불확실성 대응에 고삐를 죄고 있다. 올해 미국발 관세 충격과 금리 인하 지연... ","Mon, 07 Apr 2025 20:54:00 +0900"
"삼성카드, 1분기 온라인 관심도 1위…신한·KB국민카드 뒤이어",https://www.econovill.com/news/articleView.html?idxno=690498,https://www.econovill.com/news/articleView.html?idxno=690498,올 1분기 국내 신용카드사 가운데 온라인에서 가장 높은 관심을 받은 곳은 '삼성카드'로 조사됐다. 3일 데이터앤리서치는 뉴스·커뮤니티·블로그·카페·유튜브·트위터·인스타그램·페이스북·카카오스토리... ,"Thu, 03 Apr 2025 16:54:00 +0900"
"놀이공원 50%할인·하이패스 캐시백…신한카드, 봄맞이 혜택",https://www.newsis.com/view/NISX20250409_0003132161,https://n.news.naver.com/mnews/article/003/0013172801?sid=101,"신한카드는 봄나들이 시즌을 맞아 놀이공원 할인과 후불하이패스 캐시백 혜택을 제공한다고 9일 밝혔다. 먼저 신한 개인 신용카드, 체크카드 회원이라면 누구나 전월 실적과 무관하게 에버랜드, 서울랜드 등... ","Wed, 09 Apr 2025 10:49:00 +0900"
신한카드로 디지털 구독 서비스 결제하면 캐시백,https://www.etnews.com/20250410000068,https://n.news.naver.com/mnews/article/030/0003302015?sid=101,"신한카드는 오는 30일까지 이벤트에 응모하고, SOL트래블 체크카드로 챗GPT를 구독한 선착순 1만 명에게 3000원 캐시백을 제공한다고 10일 밝혔다. 이벤트 응모 후 5월 31일까지 결제를 완료한 고객이 대상이다. OpenAI 공식... ","Thu, 10 Apr 2025 09:55:00 +0900"
&quot;신한카드로 디지털 멤버십 구독하고 캐시백 혜택 받으세요&quot;,http://www.fnnews.com/news/202504100943334304,https://n.news.naver.com/mnews/article/014/0005333948?sid=101,"신한카드는 고객들의 합리적인 디지털 구독 생활을 위한 다양한 이벤트를 진행한다고 10일 밝혔다. 먼저 신한카드는 오는 30일까지 이벤트에 응모하고, SOL트래블 체크카드로 챗GPT를 구독한 선착순 1만 명에게 3000원... ","Thu, 10 Apr 2025 09:47:00 +0900"
"&quot;챗GPT 구독, 3000원 돌려드려요&quot;…신한카드, 구독서비스 캐시백 혜택",http://www.edaily.co.kr/news/newspath.asp?newsid=02050006642134808,https://n.news.naver.com/mnews/article/018/0005983826?sid=101,"챗GPT의 ‘지브리 스타일’ 등 그림 그리기가 선풍적인 인기를 끌고 있는 가운데, 신한카드가 디지털 구독 서비스 결제 고객을 위한 캐시백 등 이벤트를 진행한다. 이번 이벤트에는 챗GPT를 포함해 유튜브 프리미엄... ","Thu, 10 Apr 2025 09:14:00 +0900"
"“놀이공원 반값에”…신한카드, 봄나들이 시즌 이벤트 주목",https://economist.co.kr/article/view/ecn202504090022,https://n.news.naver.com/mnews/article/243/0000076074?sid=101,신한카드는 봄나들이 및 가족 여행 시즌을 맞아 놀이공원 할인 및 후불하이패스 이용 시 캐시백 혜택을 제공한다고 9일 밝혔다. 먼저 신한 개인 신용카드·체크카드 회원이라면 누구나 전월 실적과 무관하게... ,"Wed, 09 Apr 2025 18:01:00 +0900"
"“챗GPT도 할인받자”…신한카드, 디지털 구독족 겨냥 캐시백 이벤트",https://biz.heraldcorp.com/article/10462034?ref=naver,https://n.news.naver.com/mnews/article/016/0002455267?sid=101,"유튜브·쿠팡·네이버 등 인기 구독 서비스 최대 1만5000원 혜택 이벤트 응모 후 SOL트래블 체크카드 결제시 챗GPT 선착순 3000원 캐시백 신한카드가 챗GPT, 유튜브프리미엄 등 다양한 디지털 구독 서비스 이용 고객을... ","Thu, 10 Apr 2025 09:51:00 +0900"
&quot;봄나들이 가고 할인·캐시백 혜택 받으세요&quot;…신한카드 이벤트,https://www.news1.kr/finance/general-finance/5747398,https://n.news.naver.com/mnews/article/421/0008181754?sid=101,신한카드는 봄나들이·가족여행 시즌을 맞아 놀이공원 할인 또는 후불하이패스 이용 시 캐시백 혜택을 제공한다고 9일 밝혔다. 신한 개인 신용·체크카드 회원이라면 누구나 전월 실적과 무관하게 에버랜드... ,"Wed, 09 Apr 2025 09:54:00 +0900"
"신한카드, 디지털 멤버십 구독 시 최대 1만5000원 캐시백 이벤트",https://www.dailian.co.kr/news/view/1483836/?sc=Naver,https://n.news.naver.com/mnews/article/119/0002943536?sid=101,"신한카드는 고객들의 합리적인 디지털 구독 생활을 위한 다양한 이벤트를 진행한다고 10일 밝혔다. 먼저 신한카드는 오는 30일까지 이벤트에 응모하고, SOL트래블 체크카드로 챗GPT를 구독한 선착순 1만명에게 3000원... ","Thu, 10 Apr 2025 08:30:00 +0900"
"신한카드, 챗GPT 구독 1만명 3000원 캐시백",https://www.newsfreezone.co.kr/news/articleView.html?idxno=619789,https://www.newsfreezone.co.kr/news/articleView.html?idxno=619789,신한카드는 고객들의 합리적인 디지털 구독 생활을 위한 다양한 이벤트를 진행한다고 10일 밝혔다. 신한카드는 오는 30일까지 이벤트에 응모하고 SOL트래블 체크카드로 챗GPT를 구독한 선착순 1만명에게 3000원 캐시백을... ,"Thu, 10 Apr 2025 09:16:00 +0900"
"신한카드, 봄나들이 여행 혜택 제공… 놀이공원·하이패스 등 할인",https://biz.chosun.com/stock/finance/2025/04/09/UP3IJULZRJGU7DHFAMIUYWHWJU/?utm_source=naver&utm_medium=original&utm_campaign=biz,https://n.news.naver.com/mnews/article/366/0001067765?sid=101,"신한카드는 봄나들이 및 가족 여행 시즌을 맞아 놀이공원 할인 및 후불하이패스 이용 시 캐시백 혜택을 제공한다고 9일 밝혔다. 신한 개인 신용카드, 체크카드 회원이라면 누구나 전월 실적과 무관하게 에버랜드... ","Wed, 09 Apr 2025 08:58:00 +0900"
"신한 쏠트래블 체크카드, 국내 혜택 확대…CU와 제휴",https://www.mk.co.kr/article/11278442,https://n.news.naver.com/mnews/article/009/0005468110?sid=101,CU편의점서 디저트류 최대 80% 할인 신한은행이 해외여행 특화카드인 ‘SOL트래블 체크카드’의 국내 혜택을 늘린다. 31일 신한은행에 따르면 4월 한달간 CU편의점서 쏠트래블 체크카드로 빵과 냉장 디저트류 상품... ,"Mon, 31 Mar 2025 15:39:00 +0900"
쏠퀴즈 정답 4월 8일,https://www.bntnews.co.kr/article/view/bnt202504080001,https://www.bntnews.co.kr/article/view/bnt202504080001,신한SOL페이 퀴즈팡팡 정답은 'SOL트래블 체크카드'이다. 신한슈퍼SOL 출석퀴즈 정답은 'O'이다. ■ 퀴즈의 문제와 신한 쏠퀴즈 정답은 앱 운영사에 의해 변경될 수 있다. 쏠퀴즈 정답을 입력하고 '제출하기' 버튼을 누르면... ,"Tue, 08 Apr 2025 00:02:00 +0900"
"신한은행, '쏠트래블 체크카드' 봄맞이 경품 행사",https://www.hdhy.co.kr/news/articleView.html?idxno=31626,https://www.hdhy.co.kr/news/articleView.html?idxno=31626,"신한은행은 오는 30일까지 '쏠(SOL)트래블 체크카드' 신규·해외이용 고객을 대상으로 '봄처럼 설레는 SOL 트래블' 이벤트를 진행한다. 이벤트 기간 중 체크카드를 신규 발급한 고객 1,000명에게 'CU 모바일 기프티콘... ","Mon, 07 Apr 2025 19:36:00 +0900"
"[게시판] 신한은행, SOL트래블 카드 경품 행사",https://www.yna.co.kr/view/AKR20250319108400002?input=1195m,https://n.news.naver.com/mnews/article/001/0015274541?sid=101,▲ 신한은행은 3월 14일부터 4월 30일까지 '쏠(SOL)트래블' 체크카드 신규·해외 이용 고객을 대상으로 '봄처럼 설레는 쏠트래블' 경품 행사를 연다. 이 기간 쏠트래블 체크카드를 새로 발급받은 1천명에게 'CU모바일... ,"Wed, 19 Mar 2025 14:39:00 +0900"
"신한은행, '외화ATM QR코드 출금' 서비스 탑재",http://www.enewstoday.co.kr/news/articleView.html?idxno=2255591,http://www.enewstoday.co.kr/news/articleView.html?idxno=2255591,"신한은행은 환전특화 무인자동화 채널 쏠트래블 라운지와 주요 거점지역에 외화ATM을 운영하고 있다.... 한편, 환전특화 무인자동화 채널 쏠트래블 라운지는 유동인구가 많고 접근성이 용이한 서울 신논현역... ","Thu, 27 Mar 2025 11:08:00 +0900"
"신한은행, '쏠트래블 체크카드' 봄맞이 경품 행사",https://www.newsis.com/view/NISX20250321_0003108297,https://n.news.naver.com/mnews/article/003/0013134701?sid=101,신한은행은 다음 달 30일까지 '쏠(SOL)트래블 체크카드' 신규·해외이용 고객을 대상으로 '봄처럼 설레는 SOL트래블' 이벤트를 진행한다고 22일 밝혔다. 이벤트 기간 중 체크카드를 신규 발급한 고객 1000명에게... ,"Sat, 22 Mar 2025 04:00:00 +0900"
[신한 쏠퀴즈] 신한 쏠테크 오퀴즈 정답 4월 2일 공개,https://www.topstarnews.net/news/articleView.html?idxno=15627683,https://www.topstarnews.net/news/articleView.html?idxno=15627683,문제: 다음 중 환율 100% 우대금리를 제공하는 'SOL트래블 카드'를 사용할 때 면제받을 수 없는 수수료는 무엇일까요? 정답: 할부수수료 신한 '쏠퀴즈'는 금융 및 생활 상식 퀴즈를 통해 마이신한포인트를 적립할 수 있는... ,"Wed, 02 Apr 2025 17:42:00 +0900"
"신한은행, '쏠트래블 체크카드' 이벤트",http://www.koreastocknews.com/news/articleView.html?idxno=109965,http://www.koreastocknews.com/news/articleView.html?idxno=109965,"신한은행(은행장 정상혁)은 오는 4월 30일까지 '쏠(SOL)트래블 체크카드' 이벤트를 진행한다고 19일 밝혔다. 이벤트 기간 중 해당 카드를 신규 발급한 고객 1000명에게 'CU모바일 기프티콘 1만원권'을 제공하고, 해외... ","Wed, 19 Mar 2025 16:18:00 +0900"
"신한은행, '외화 ATM QR코드 출금' 서비스로 환전 편의성 강화",http://www.updownnews.co.kr/news/articleView.html?idxno=311923,http://www.updownnews.co.kr/news/articleView.html?idxno=311923,"신한은행 본사 전경 [사진=신한은행 제공] 신한은행은 환전 특화 무인 자동화 채널 쏠트래블 라운지와 주요... 환전특화 무인자동화 채널 쏠트래블 라운지는 유동 인구가 많고 접근성이 용이한 서울 신논현역, 성수역... ","Thu, 27 Mar 2025 12:38:00 +0900"
"신한은행, '봄처럼 설레는 쏠트래블' 이벤트...최대 100만 신한포인트",http://www.opinionnews.co.kr/news/articleView.html?idxno=114302,http://www.opinionnews.co.kr/news/articleView.html?idxno=114302,사진 제공=신한은행  신한은행이 다음 달 30일까지 쏠(SOL)트래블 체크카드 신규 및 해외이용 고객에게 혜택을 제공하는 '봄처럼 설레는 SOL트래블' 이벤트를 연다고 19일 밝혔다. 지난 14일부터 진행중인 이벤트는... ,"Wed, 19 Mar 2025 09:56:00 +0900"
"우리카드 알리, 외국인선수 트라이아웃 포기…아시아쿼터 신청",https://www.yna.co.kr/view/AKR20250410022800007?input=1195m,https://m.sports.naver.com/volleyball/article/001/0015321295,'월반' 시도했다가 아시아쿼터로 복귀…우리카드와 재계약할 듯 남자 프로배구 우리카드의 아시아 쿼터 선수 알리 하그파라스트(21·등록명 알리)가 외국인 선수 트라이아웃을 포기하고 아시아 쿼터 드래프트에... ,"Thu, 10 Apr 2025 07:56:00 +0900"
"&quot;불경기에 증가하는 할부 결제&quot;…카드사, 수수료 수익 씁쓸한 '역대 최...",https://www.dailian.co.kr/news/view/1483292/?sc=Naver,https://n.news.naver.com/mnews/article/119/0002943519?sid=101,그 뒤를 이어 ▲신한카드(6349억원) ▲롯데카드(5741억원) ▲국민카드(4996억원) ▲현대카드(4698억원) ▲우리카드(2511억원) ▲하나카드(2202억원) ▲BC카드(50억원) 등의 순으로 나타났다. 이처럼 카드사들의 할부 수수료가... ,"Thu, 10 Apr 2025 07:30:00 +0900"
"우리카드, '가입은 쉽게 해지는 어렵게'…상담 요청에는 '묵묵부답'",https://sports.hankooki.com/news/articleView.html?idxno=6894714,https://sports.hankooki.com/news/articleView.html?idxno=6894714,"#A씨는 지난 7일 오후 4시가 좀 넘은 시각에 우리카드 리스 계약을 해지하기 위해 고객센터에 전화를 걸었다. 그런데 상담원과 15분 이상 연결이 되질 않았고, 이로 인해 번호를 남겨놨으나 다음날까지 연락이 없었다. 급하게... ","Wed, 09 Apr 2025 16:22:00 +0900"
"공격 톱10 성적에도 만족을 모른다, 우리카드 김지한 &quot;기억에 남는 경기...",https://www.starnewskorea.com/stview.php?no=2025041006344630064,https://m.sports.naver.com/volleyball/article/108/0003318984,&quot;제 자신과 응원해 주시는 팬들에게 부끄럽지 않고 싶습니다.&quot; 이젠 어엿한 V리그를 대표하는 공격수로 자리매김했음에도 김지한(26·우리카드 우리WON)은 만족을 몰랐다. 브라질 출신 마우리시오 파에스 감독 체제로 처음... ,"Thu, 10 Apr 2025 08:21:00 +0900"
"&quot;놀이공원도, 커피도 반값&quot; … BC카드, 봄 나들이 맞이 4월 할인 이벤트...",https://biz.newdaily.co.kr/site/data/html/2025/04/09/2025040900262.html,https://biz.newdaily.co.kr/site/data/html/2025/04/09/2025040900262.html,"11개 회원사는 우리카드, 하나카드, NH농협카드, IBK기업은행, KB국민카드, iM뱅크, BNK부산은행, BNK경남은행, 신한카드, Sh수협은행, 광주은행이며 BC바로카드 소지 고객도 할인 혜택을 받을 수 있다. 먼저 내달 6일까지... ","Wed, 09 Apr 2025 14:30:00 +0900"
"[comPany Review] 신한·BC카드 '반값 놀이공원', 다른 혜택 뭐 있나",https://www.the-pr.co.kr/news/articleView.html?idxno=53263,https://www.the-pr.co.kr/news/articleView.html?idxno=53263,"11개 회원사는 우리카드, 하나카드, NH농협카드, IBK기업은행, KB국민카드, iM뱅크, BNK부산은행, BNK경남은행, 신한카드, Sh수협은행, 광주은행이며 BC바로카드 소지 고객도 할인 혜택을 받을 수 있다. 내달 6일까지... ","Wed, 09 Apr 2025 18:22:00 +0900"
"틈새시장 공략한 현대카드, 연회비 수익 '방긋'",http://www.press9.kr/news/articleView.html?idxno=62797,http://www.press9.kr/news/articleView.html?idxno=62797,"현대카드가 3398억원으로 가장 많은 수익을 냈고 ▲삼성카드 2926억원 ▲신한카드 2516억원 ▲KB국민카드 1841억원 ▲롯데카드 1506억원 ▲우리카드 1092억원 ▲하나카드 1052억원 등이 뒤를 이었다. 특히, 현대카드는... ","Wed, 09 Apr 2025 09:00:00 +0900"
"현대카드, 쏠쏠한 수익창구 '연회비' 대대적 인상",http://www.newstomato.com/ReadNews.aspx?no=1258447&inflow=N,http://www.newstomato.com/ReadNews.aspx?no=1258447&inflow=N,"이어 삼성카드 2926억원, 신한카드 2516억원, 국민카드 1840억원, 롯데카드 1505억원, 우리카드 1092억원, 하나카드 1052억원, 비씨카드 839억원으로 집계됐습니다. 여신금융협회 공시에 따르면 현대카드가 지난해... ","Wed, 09 Apr 2025 06:02:00 +0900"
"현대카드, 톰 삭스·몽니 등 4월 문화 이벤트 진행",https://daily.hankooki.com/news/articleView.html?idxno=1201074,https://daily.hankooki.com/news/articleView.html?idxno=1201074,사진=현대카드. 현대카드는 4월을 맞아 다양한 문화 이벤트를 선보인다고 7일 밝혔다. 오는 25일부터 9월 7일까지 서울 동대문디자인플라자(DDP) 전시1관에서는 '현대카드 컬처프로젝트 29 톰 삭스 전'이... ,"Mon, 07 Apr 2025 17:56:00 +0900"
&quot;4월엔 현대카드 문화 이벤트로 감성을 충전하세요&quot;,http://www.fnnews.com/news/202504071106310430,https://n.news.naver.com/mnews/article/014/0005332190?sid=101,현대카드가 4월을 맞아 다양한 문화 이벤트를 선보인다. 현대카드는 오는 25일부터 9월 7일까지 서울 동대문디자인플라자(DDP) 전시1관에서는 '현대카드 컬처프로젝트 29 톰 삭스 전'이 개최한다고 7일 밝혔다.... ,"Mon, 07 Apr 2025 11:16:00 +0900"
"현대카드, 4월 맞이 '문화 이벤트' 진행",http://www.enewstoday.co.kr/news/articleView.html?idxno=2260628,http://www.enewstoday.co.kr/news/articleView.html?idxno=2260628,현대카드는 4월을 맞아 여러 문화 이벤트를 선보인다고 7일 밝혔다. 먼저 오는 25일부터 9월 7일까지 서울 동대문디자인플라자(DDP) 전시1관에서는 '현대카드 컬처프로젝트 29 톰 삭스 전'이 개최된다. '현대카드... ,"Mon, 07 Apr 2025 16:54:00 +0900"
[카드News]KB국민카드·현대카드,http://www.metroseoul.co.kr/article/20250407500260,http://www.metroseoul.co.kr/article/20250407500260,"현대카드 문화행사 ci./현대카드 현대카드가 4월을 맞아 문화 행사를 선보인다. ◆ 트레비스 스캇, 톰 삭스 등 선봬 현대카드는 서울 동대문디자인플라자(DDP)에서 '현대카드 컬처프로젝트 29 톰 삭스 전'을 개최한다고... ","Mon, 07 Apr 2025 11:20:00 +0900"
"현대카드, 4월 대규모 문화행사 진행…&quot;톰 삭스부터 트래비스 스캇까지...",http://www.wowtv.co.kr/NewsCenter/News/Read?articleId=A202504070108&t=NN,https://n.news.naver.com/mnews/article/215/0001204823?sid=101,"현대카드가 4월을 맞아 전시, 공연, 영화 등 다양한 문화 이벤트를 진행한다고 7일 밝혔다. 오는 25일부터 서울 DDP에서는 '현대카드 컬처프로젝트 29 톰 삭스 전'이 열린다. 세계적인 아티스트 톰 삭스의 '스페이스... ","Mon, 07 Apr 2025 13:48:00 +0900"
"현대카드, 4월 맞아 다양한 문화 이벤트 선봬",https://www.dailian.co.kr/news/view/1482217/?sc=Naver,https://n.news.naver.com/mnews/article/119/0002942040?sid=101,현대카드는 4월을 맞아 다양한 문화 이벤트를 선보인다고 7일 밝혔다. 오는 25일부터 9월 7일까지 서울 동대문디자인플라자(DDP) 전시1관에서는 '현대카드 컬처프로젝트 29 톰 삭스 전'이 개최된다. 현대카드... ,"Mon, 07 Apr 2025 09:05:00 +0900"
"현대카드, 4월 문화 이벤트 '컬처프로젝트 29 톰 삭스 전' 개최",https://biz.newdaily.co.kr/site/data/html/2025/04/07/2025040700252.html,https://biz.newdaily.co.kr/site/data/html/2025/04/07/2025040700252.html,뉴데일리 박정연 기자 = 현대카드가 4월을 맞아 다양한 문화 이벤트를 선보인다고 7일 밝혔다. 오는 25일부터 9월 7일까지 서울 동대문디자인플라자(DDP) 전시1관에서는 ‘현대카드 컬처프로젝트 29 톰 삭스 전’이... ,"Mon, 07 Apr 2025 15:00:00 +0900"
"현대카드, 4월 맞이 문화 이벤트 선보여",https://www.kfenews.co.kr/news/articleView.html?idxno=633616,https://www.kfenews.co.kr/news/articleView.html?idxno=633616,사진=현대카드 한국금융경제신문=김미소 기자 | 현대카드는 4월을 맞아 다양한 문화 이벤트를 선보인다고 7일 밝혔다. 오는 4월 25일부터 9월 7일까지 서울 동대문디자인플라자(DDP) 전시1관에서는 '현대카드... ,"Mon, 07 Apr 2025 15:52:00 +0900"
"KB국민카드, 임직원 걸음 모아 취약계층 아동에 1억 기부",https://www.newsis.com/view/NISX20250409_0003132625,https://n.news.naver.com/mnews/article/003/0013173782?sid=101,KB국민카드가 창립 기념일을 맞아 취약계층 아동의 소원 성취를 응원하는 '위시드림(WE:SH DREAM)' 캠페인을 성공적으로 마무리했다고 9일 밝혔다. 위시드림 캠페인은 2023년부터 실시하고 있는 친환경 ESG(환경·사회... ,"Wed, 09 Apr 2025 14:42:00 +0900"
"KB국민카드, 임직원 희망걷기 위시드림 캠페인 성료",https://weekly.cnbnews.com/news/article.html?no=173909,https://weekly.cnbnews.com/news/article.html?no=173909,"▲ KB국민카드,ESG,기부 KB국민카드가 창립 기념일을 맞아 취약계층 아동의 소원 성취를 응원하는 ‘위시드림(WE:SH DREAM)’ 캠페인을 진행했다고 9일 밝혔다. 사진=KB국민카드 KB국민카드(사장 김재관)가 창립 기념일을... ","Wed, 09 Apr 2025 11:26:00 +0900"
"KB국민카드, 임직원 희망 걷기 '위시드림 캠페인' 성료",https://www.newsinside.kr/news/articleView.html?idxno=3538629,https://www.newsinside.kr/news/articleView.html?idxno=3538629,KB국민카드(사장 김재관)가 창립 기념일을 맞아 취약계층 아동의 소원 성취를 응원하는 '위시드림(WE:SH DREAM)' 캠페인을 성공적으로 마무리했다고 9일 밝혔다. 위시드림 캠페인은 2023년부터 실시하고 있는 친환경 ESG... ,"Wed, 09 Apr 2025 16:06:00 +0900"
"KB국민카드, 임직원 희망 걷기 '위시드림 캠페인' 성료",https://www.psnews.co.kr/news/articleView.html?idxno=2088279,https://www.psnews.co.kr/news/articleView.html?idxno=2088279,KB국민카드(사장 김재관)가 창립 기념일을 맞아 취약계층 아동의 소원 성취를 응원하는 '위시드림(WE:SH DREAM)' 캠페인을 성공적으로 마무리했다고 9일 밝혔다. 위시드림 캠페인은 지난 2023년부터 실시하고 있는 친환경 ESG... ,"Wed, 09 Apr 2025 11:22:00 +0900"
"[ESG 트렌드] KB국민카드, 임직원 희망 걷기 '위시드림 캠페인' 성공적 ...",https://www.ibabynews.com/news/articleView.html?idxno=129699,https://www.ibabynews.com/news/articleView.html?idxno=129699,"KB국민카드, 임직원 희망걷기 위시드림 캠페인 성공적 마무리. ⓒKB국민카드 KB국민카드(사장 김재관)가 창립 기념일을 맞아 취약계층 아동의 소원 성취를 응원하는 '위시드림(WE:SH DREAM)' 캠페인을 성공적으로... ","Wed, 09 Apr 2025 16:58:00 +0900"
"KB국민카드, 임직원 희망 걷기 캠페인 마무리",https://www.startuptoday.co.kr/news/articleView.html?idxno=432507,https://www.startuptoday.co.kr/news/articleView.html?idxno=432507,KB국민카드(사장 김재관)는 &quot;창립 기념일을 맞아 취약계층 아동의 소원 성취를 응원하는 '위시드림(WE:SH DREAM)' 캠페인을 성공적으로 마무리했다&quot;고 9일 밝혔다. KB국민카드에 따르면 위시드림 캠페인은 지난 2023년부터... ,"Wed, 09 Apr 2025 14:44:00 +0900"
"KB국민카드, 임직원 희망걷기 위시드림 캠페인 펼쳐",http://www.thebigdata.co.kr/view.php?ud=20250409104906398662abca1943_23,http://www.thebigdata.co.kr/view.php?ud=20250409104906398662abca1943_23,KB국민카드(사장 김재관)가 창립 기념일을 맞아 취약계층 아동의 소원 성취를 응원하는 '위시드림(WE:SH DREAM)' 캠페인을 마쳤다고 9일 밝혔다. 위시드림 캠페인은 지난 2023년부터 실시하고 있는 친환경 ESG 활동으로... ,"Wed, 09 Apr 2025 13:16:00 +0900"
"KB국민카드, '위시드림' 캠페인 마무리",https://www.newsclaim.co.kr/news/articleView.html?idxno=3042874,https://www.newsclaim.co.kr/news/articleView.html?idxno=3042874,KB국민카드(사장 김재관)는 '위시드림(WE:SH DREAM)' 캠페인을 성공적으로 마무리했다고 9일 밝혔다. KB국민카드 제공 KB국민카드(사장 김재관)는 창립 기념일을 맞아 취약계층 아동의 소원 성취를 응원하는 '위시드림(WE... ,"Wed, 09 Apr 2025 09:54:00 +0900"
"KB국민카드, 임직원 희망걷기 위시드림 캠페인",https://www.etnews.com/20250409000248,https://n.news.naver.com/mnews/article/030/0003301735?sid=101,KB국민카드는 창립 기념일을 맞아 취약계층 아동의 소원 성취를 응원하는 '위시드림(WE:SH DREAM)' 캠페인을 벌였다고 9일 밝혔다. 이 캠페인은 2023년부터 실시하고 있는 친환경 ESG 활동이다. 임직원들이 한 달 동안 목표... ,"Wed, 09 Apr 2025 13:13:00 +0900"
"KB국민카드, 임직원 희망걷기 위시드림 캠페인 성료",http://www.fnnews.com/news/202504091041037610,https://n.news.naver.com/mnews/article/014/0005333399?sid=101,KB국민카드는 창립 기념일을 맞아 취약계층 아동의 소원 성취를 응원하는 '위시드림(WE:SH DREAM)' 캠페인을 성공적으로 마무리했다고 9일 밝혔다. 위시드림 캠페인은 지난 2023년부터 실시하고 있는 친환경 ESG 활동으로... ,"Wed, 09 Apr 2025 10:44:00 +0900"
"삼성카드, 'iD STATION 카드' 2종 출시 … 주유비 최대 3만5000원 할인",https://biz.newdaily.co.kr/site/data/html/2025/04/02/2025040200312.html,https://biz.newdaily.co.kr/site/data/html/2025/04/02/2025040200312.html,"뉴데일리 박정연 기자 = 삼성카드가 SK에너지, GS칼텍스와 협업해 '삼성 iD STATION 카드(SK에너지)', '삼성 iD STATION 카드(GS칼텍스)' 2종을 출시했다고 2일 밝혔다. 주유비 할인은 물론 통신·온라인 쇼핑 등에서도 할인... ","Wed, 02 Apr 2025 14:44:00 +0900"
